date,ticker,low,high,open,close
20040819,GOOG,95.96,104.06,100.01,100.335
20040820,GOOG,100.5,109.08,101.48,108.31
20040823,GOOG,109.05,113.48,110.84,109.4
20040824,GOOG,103.57,111.6,111.3,104.87
20040825,GOOG,103.88,108,104.96,106
20040826,GOOG,104.66,107.95,105.11,107.91
20040827,GOOG,105.69,108.62,108.11,106.15
20040830,GOOG,102.01,105.49,105.49,102.01
20040831,GOOG,102.16,103.71,102.32,102.37
20040901,GOOG,99.67,102.97,102.7,100.25
20040902,GOOG,98.94,102.37,99.09,101.51
20040903,GOOG,99.32,101.74,100.95,100.01
20040907,GOOG,99.61,102,101.01,101.58
20040908,GOOG,100.5,103.03,100.74,102.3
20040909,GOOG,101,102.71,102.5,102.31
20040910,GOOG,101.3,106.56,101.6,105.33
20040913,GOOG,106.46,108.41,106.88,107.5
20040914,GOOG,106.79,112,107.68,111.49
20040915,GOOG,110.2,114.23,110.56,112
20040916,GOOG,111.65,115.8,112.34,113.97
20040917,GOOG,113.55,117.49,114.42,117.49
20040920,GOOG,116.77,121.6,116.95,119.36
20040921,GOOG,117.51,120.42,120.2,117.84
20040922,GOOG,116.81,119.67,117.45,118.38
20040923,GOOG,117.02,122.63,118.84,120.82
20040924,GOOG,119.76,124.1,120.97,119.83
20040927,GOOG,117.8,120.88,119.56,118.26
20040928,GOOG,120.21,127.4,121.05,126.86
20040929,GOOG,126.23,135.02,126.53,131.08
20040930,GOOG,129,132.3,130.22,129.6
20041001,GOOG,128.9,134.24,130.64,132.58
20041004,GOOG,134.03,136.87,135.82,135.06
20041005,GOOG,132.24,138.53,134.66,138.37
20041006,GOOG,136,138.45,137.67,137.08
20041007,GOOG,136.55,139.88,136.56,138.85
20041008,GOOG,137.02,139.68,138.73,137.73
20041011,GOOG,133.85,138.86,137.01,135.26
20041012,GOOG,133.4,137.61,134.49,137.4
20041013,GOOG,140.08,143.55,143.32,140.9
20041014,GOOG,138.56,142.38,141.02,142
20041015,GOOG,141.95,145.5,144.95,144.11
20041018,GOOG,141.21,149.2,143.2,149.16
20041019,GOOG,147.35,152.4,150.5,147.94
20041020,GOOG,139.6,148.99,147.94,140.49
20041021,GOOG,141.62,150.13,143.98,149.38
20041022,GOOG,164.08,180.17,170.32,172.43
20041025,GOOG,172.55,194.43,176.28,187.4
20041026,GOOG,180,192.64,186.449,181.8
20041027,GOOG,181.77,189.52,182.29,185.97
20041028,GOOG,185.6,194.39,186.63,193.3
20041029,GOOG,190.6,199.95,198.36,190.64
20041101,GOOG,191.27,197.67,193.5,196.03
20041102,GOOG,193.34,199.25,198.66,194.87
20041103,GOOG,190.75,201.6,198.19,191.67
20041104,GOOG,183.35,190.4,188.25,184.7
20041105,GOOG,168.55,182.3,182,169.35
20041108,GOOG,169.4,175.44,170.93,172.55
20041109,GOOG,165.27,175.2,174.1,168.7
20041110,GOOG,166.33,172.52,170.67,167.86
20041111,GOOG,167.57,183.75,169.13,183.02
20041112,GOOG,177.4,189.8,185.23,182
20041115,GOOG,178.75,188.32,180.25,184.87
20041116,GOOG,170.83,179.47,177.5,172.545
20041117,GOOG,169,177.5,169.06,172.5
20041118,GOOG,165.73,174.42,170,167.54
20041119,GOOG,166.52,169.98,169.1,169.4
20041122,GOOG,161.31,169.5,168.645,165.1
20041123,GOOG,166.5,170.83,167.915,167.52
20041124,GOOG,172.51,177.21,174.84,174.76
20041126,GOOG,175.32,180.03,175.8,179.39
20041129,GOOG,177.51,182.95,180.36,181.05
20041130,GOOG,180.25,183,180.71,181.98
20041201,GOOG,179.55,182.5,182.1,179.96
20041202,GOOG,178.55,181.51,179.9,179.4
20041203,GOOG,177.6,181.06,180,180.4
20041206,GOOG,176.02,180.7,179.13,176.29
20041207,GOOG,170.55,176.2,176,171.43
20041208,GOOG,168.73,173.68,170.57,169.98
20041209,GOOG,168.47,173.5,170.25,173.43
20041210,GOOG,171.29,174.88,173.43,171.65
20041213,GOOG,169.45,173.18,172.17,170.45
20041214,GOOG,169.6,178.82,171,178.69
20041215,GOOG,176.66,180.69,177.99,179.78
20041216,GOOG,175.95,180.49,176.82,176.47
20041217,GOOG,176.55,180.5,177,180.08
20041220,GOOG,181.87,188.46,181.93,185.02
20041221,GOOG,183.4,187.88,186.17,183.75
20041222,GOOG,183.01,186.85,183.9,186.3
20041223,GOOG,186,188.6,187.45,187.9
20041227,GOOG,189.1,193.3,189.15,191.91
20041228,GOOG,191.01,193.55,192.11,192.76
20041229,GOOG,191.78,193.52,191.78,192.9
20041230,GOOG,191.85,198.23,192.97,197.6
20041231,GOOG,192.56,199.88,199.23,192.79
20050103,GOOG,195.46,203.64,197.4,202.71
20050104,GOOG,193.48,202.93,201.33,194.5
20050105,GOOG,192.23,196.9,193.45,193.51
20050106,GOOG,187.72,195.9,195.25,188.55
20050107,GOOG,188.78,194.25,190.64,193.85
20050110,GOOG,191.83,198.1,194.5,195.06
20050111,GOOG,193.18,197.71,195.38,193.54
20050112,GOOG,190.5,195.93,194.33,195.38
20050113,GOOG,194.05,197.39,195.38,195.33
20050114,GOOG,194.13,200.01,196,199.97
20050118,GOOG,198.66,205.02,200.89,203.9
20050119,GOOG,196.71,205.3,204.64,197.3
20050120,GOOG,192,196.25,192.5,193.92
20050121,GOOG,188.12,195.36,194.54,188.28
20050124,GOOG,180.32,189.33,188.69,180.72
20050125,GOOG,176.29,182.24,182.2,177.12
20050126,GOOG,179.15,189.41,179.27,189.24
20050127,GOOG,185.2,188.86,188.59,188.08
20050128,GOOG,186.34,194.7,190.02,190.34
20050131,GOOG,191.72,196.36,193.87,195.62
20050201,GOOG,190.63,203.75,194.38,191.9
20050202,GOOG,203.66,216.8,215.64,205.96
20050203,GOOG,205.81,213.37,205.86,210.86
20050204,GOOG,202.6,207.75,206.47,204.36
20050207,GOOG,195.51,206.4,205.26,196.03
20050208,GOOG,194.53,200.02,196.96,198.64
20050209,GOOG,189.46,201.6,200.76,191.58
20050210,GOOG,185.25,192.21,191.97,187.98
20050211,GOOG,186.07,192.32,186.66,187.4
20050214,GOOG,181,193.08,182.89,192.99
20050215,GOOG,193.08,199.84,193.605,195.23
20050216,GOOG,194.3,199.33,194.7,198.41
20050217,GOOG,196.81,199.75,198.35,197.9
20050218,GOOG,196.66,198.84,198.27,197.95
20050222,GOOG,190.39,198.9,196.67,191.37
20050223,GOOG,188.66,194.48,193.3,193.95
20050224,GOOG,182.23,189.85,182.8,188.89
20050225,GOOG,185.51,189.92,189.38,185.87
20050228,GOOG,185.85,189.87,186,187.99
20050301,GOOG,185.39,189.75,189.29,186.06
20050302,GOOG,184.36,187.67,185.95,185.18
20050303,GOOG,184.31,187.75,186.13,187.005
20050304,GOOG,185.07,187.25,186.7,185.9
20050307,GOOG,187.03,189.6,187.52,188.81
20050308,GOOG,184.97,189.85,189.1,185.2
20050309,GOOG,180.16,184.65,184.21,181.35
20050310,GOOG,177.4,181.2,181.01,179.98
20050311,GOOG,177.15,180.95,180.44,177.8
20050314,GOOG,172.57,178.4,178.33,174.99
20050315,GOOG,174.21,180,175.3,178.61
20050316,GOOG,175.01,178.61,176.7,175.6
20050317,GOOG,175.8,179.64,177.13,179.29
20050318,GOOG,178.31,180.4,178.81,180.04
20050321,GOOG,177.25,182.17,179.35,180.88
20050322,GOOG,177.85,181.94,181.18,178.6
20050323,GOOG,177.97,180.24,177.97,178.98
20050324,GOOG,179.2,180.86,180.7,179.25
20050328,GOOG,180.95,184.8,181.68,181.42
20050329,GOOG,178.07,183.28,181.05,179.57
20050330,GOOG,179.6,181.45,180.64,180.45
20050331,GOOG,177.64,181.39,177.95,180.51
20050401,GOOG,179.99,182.95,181.46,180.04
20050404,GOOG,179.84,185.32,179.95,185.29
20050405,GOOG,187.57,190.26,187.89,188.57
20050406,GOOG,187.58,189.65,188.69,189.22
20050407,GOOG,188.64,194.62,188.78,193.76
20050408,GOOG,191.45,195.1,193.69,192.05
20050411,GOOG,192.32,194.8,193.09,193.23
20050412,GOOG,189.41,194.42,193,193.955
20050413,GOOG,189.73,194.32,193.47,192.93
20050414,GOOG,190.1,194.36,193,191.45
20050415,GOOG,184.66,190.34,190.1,185
20050418,GOOG,183.49,187.88,184.96,186.97
20050419,GOOG,188.03,192,189.33,191.4
20050420,GOOG,195.91,200.5,198.58,198.1
20050421,GOOG,199.32,205,200.42,204.22
20050422,GOOG,214.26,224,222.5,215.81
20050425,GOOG,217.52,224.74,217.7,223.53
20050426,GOOG,218.29,222,220.22,218.75
20050427,GOOG,216.74,220.85,217.99,219.78
20050428,GOOG,217.71,222.08,219.56,219.45
20050429,GOOG,217.82,222.25,222.17,220
20050502,GOOG,220.21,223.7,222.05,222.29
20050503,GOOG,221.32,228.15,221.85,226.19
20050504,GOOG,226.999,229.88,227.23,228.5
20050505,GOOG,225.88,228.62,228.62,226.98
20050506,GOOG,226.47,229.25,228.4,228.02
20050509,GOOG,225.43,228.5,228,226.02
20050510,GOOG,224.72,227.8,225.25,227.8
20050511,GOOG,227.93,231.98,228.97,231.29
20050512,GOOG,228.2,232.23,230.71,228.72
20050513,GOOG,227.32,231.09,229.18,229.24
20050516,GOOG,228.57,231.62,229.68,231.05
20050517,GOOG,230.2,233.45,230.54,233.13
20050518,GOOG,233.52,239.97,233.61,239.16
20050519,GOOG,238.27,241.17,240.34,239.18
20050520,GOOG,239.65,241.67,240.98,241.61
20050523,GOOG,242.71,258.1,243.22,255.45
20050524,GOOG,253.5,265.44,256.85,256
20050525,GOOG,250.63,260.98,252.73,260.81
20050526,GOOG,258.3,263.76,260.96,259.2
20050527,GOOG,259.25,266.05,260.46,266
20050531,GOOG,269.37,278.4,269.43,277.27
20050601,GOOG,282.02,292.89,283.05,288
20050602,GOOG,284.6,289.78,288.85,287.9
20050603,GOOG,277.41,289.3,286.79,280.26
20050606,GOOG,281.83,293.75,282.36,290.94
20050607,GOOG,290.3,299.59,297.5,293.12
20050608,GOOG,278,293.19,292.85,279.56
20050609,GOOG,280.56,288.5,284.72,286.31
20050610,GOOG,280.02,287.28,287,282.5
20050613,GOOG,276.52,284.19,279.82,282.75
20050614,GOOG,277.75,281.24,278.59,278.35
20050615,GOOG,267.43,277.3,275,274.8
20050616,GOOG,273.07,278.3,274.26,277.44
20050617,GOOG,275.9,280.3,279,280.3
20050620,GOOG,271.73,287.672,276.09,286.7
20050621,GOOG,284.97,290.3,288.07,287.84
20050622,GOOG,288.67,292.32,289.69,289.3
20050623,GOOG,286.5,294.81,287.91,289.71
20050624,GOOG,289.58,298,290.95,297.25
20050627,GOOG,293.86,304.47,299,304.1
20050628,GOOG,302,309.25,306.56,302
20050629,GOOG,292.15,304.38,302.67,292.72
20050630,GOOG,291.04,298.93,294.34,294.15
20050701,GOOG,289.22,296.24,295.08,291.25
20050705,GOOG,290.23,295.98,292.1,295.71
20050706,GOOG,291.38,297.6,297.3,291.525
20050707,GOOG,288.51,295.8,289.39,295.54
20050708,GOOG,294.05,297.5,296.01,296.23
20050711,GOOG,291.02,296.6,296.4,293.35
20050712,GOOG,290.93,294.4,293.39,291.784
20050713,GOOG,292.1,299.24,292.51,298.86
20050714,GOOG,300.07,306.75,305.34,300.89
20050715,GOOG,299.78,303.4,301.24,301.19
20050718,GOOG,297.75,301.9,300,299.54
20050719,GOOG,301.8,310.35,302.1,309.9
20050720,GOOG,301.8,312.6088,305.57,312
20050721,GOOG,311.21,317.8,314.05,313.94
20050722,GOOG,296.33,309.25,306.56,302.4
20050725,GOOG,294.96,303.29,302.39,295.85
20050726,GOOG,292.09,298,295.01,296.09
20050727,GOOG,292.4,298.23,298.23,296.93
20050728,GOOG,293.28,297.41,297.41,293.5
20050729,GOOG,286.99,292.84,292.84,287.76
20050801,GOOG,288.1,292.5,288.12,291.6099
20050802,GOOG,291.12,299.52,291.45,299.19
20050803,GOOG,295.6,299.72,298,297.3
20050804,GOOG,295.25,299,295.55,297.73
20050805,GOOG,291.31,298.51,297.5,292.35
20050808,GOOG,290.49,295.65,293.6,291.25
20050809,GOOG,288.51,292.68,291.96,291.57
20050810,GOOG,284.88,292.33,291.3,285.68
20050811,GOOG,280.62,286.58,285.89,284.05
20050812,GOOG,281.64,290.2,283.36,289.721
20050815,GOOG,283.77,292.77,289.8,284
20050816,GOOG,283.34,287.79,284.88,285.65
20050817,GOOG,284,286.57,285.51,285.1
20050818,GOOG,275,280.5,275.97,279.99
20050819,GOOG,279.62,281.45,280.99,280
20050822,GOOG,273.35,281.47,281.08,274.01
20050823,GOOG,274.12,279.74,276.16,279.58
20050824,GOOG,276.45,284.75,277.57,282.57
20050825,GOOG,279.97,284,282.55,282.59
20050826,GOOG,282.66,285.02,283.48,283.58
20050829,GOOG,282.24,289.12,282.24,288.45
20050830,GOOG,285.88,289.51,287.39,287.27
20050831,GOOG,284.36,288.5,288.23,286
20050901,GOOG,285,287.5,285.91,286.25
20050902,GOOG,286.44,289.99,286.51,288.45
20050906,GOOG,286.8,289.39,289,287.11
20050907,GOOG,285.28,295.5,285.89,294.87
20050908,GOOG,293.36,299.28,294.83,295.39
20050909,GOOG,296.56,299.1,297.28,299.09
20050912,GOOG,301,311.42,301.75,309.74
20050913,GOOG,306.17,315.53,309,311.68
20050914,GOOG,300.3,313.28,308.73,303
20050915,GOOG,297.91,306.75,299.52,302.62
20050916,GOOG,299.87,304.5,304.02,300.2
20050919,GOOG,300.71,306,301,303.79
20050920,GOOG,305.23,311.3,306.15,307.91
20050921,GOOG,305.96,313.76,308.41,311.9
20050922,GOOG,310.17,319.22,311.5,311.37
20050923,GOOG,312.59,317.21,313,315.36
20050926,GOOG,312.56,320.95,319.5,314.28
20050927,GOOG,313.38,318.41,314.95,313.94
20050928,GOOG,305.6,315.1,314.22,306
20050929,GOOG,306.08,310.72,306.68,309.62
20050930,GOOG,312.29,317.5,314.22,316.46
20051003,GOOG,312.79,320.11,313.63,318.68
20051004,GOOG,310.74,321.28,319.95,311
20051005,GOOG,308,314.9,312.69,310.71
20051006,GOOG,310.09,314.48,314.14,312.75
20051007,GOOG,310.54,316.67,315.01,312.99
20051010,GOOG,309.15,314.82,313.31,310.65
20051011,GOOG,304.86,312.65,310.61,306.1
20051012,GOOG,299,307.19,305.2,300.97
20051013,GOOG,290.685,302,302,297.44
20051014,GOOG,292.54,300.23,299.9,296.14
20051017,GOOG,294.56,305.2,297.5,305
20051018,GOOG,302.74,307.96,304.96,303.28
20051019,GOOG,303.96,309.87,304,308.7
20051020,GOOG,301.21,311.13,309.99,303.2
20051021,GOOG,333,346.43,345.63,339.9
20051024,GOOG,342.19,349.3,343.37,348.65
20051025,GOOG,342.86,347.4,345.37,346.91
20051026,GOOG,346.19,356,346.28,355.44
20051027,GOOG,351.68,357.09,357.09,353.06
20051028,GOOG,355.02,358.95,355.6,358.17
20051031,GOOG,359.51,374.75,360.24,372.14
20051101,GOOG,369.01,383.9,371.86,379.38
20051102,GOOG,377.17,385,381.7,379.68
20051103,GOOG,381.38,386.58,382.24,385.95
20051104,GOOG,385.45,391.79,389.98,390.43
20051107,GOOG,392.15,397.47,394.94,395.03
20051108,GOOG,388.58,395.59,394.25,389.9
20051109,GOOG,378.03,388.29,386.67,379.15
20051110,GOOG,377.43,391.35,378.36,391.1
20051111,GOOG,388.85,396.9,395.12,390.4
20051114,GOOG,391.53,398.22,392.22,396.97
20051115,GOOG,390.95,397,394.38,392.8
20051116,GOOG,394.11,398.85,396.2,398.15
20051117,GOOG,399.53,403.81,401.8,403.45
20051118,GOOG,399.85,404.5,403.49,400.21
20051121,GOOG,393.49,409.98,399.17,409.36
20051122,GOOG,406.23,417.31,408.65,416.47
20051123,GOOG,415.78,424.72,417.04,422.86
20051125,GOOG,425.3,428.75,425.78,428.62
20051128,GOOG,422.44,431.24,430.11,423.48
20051129,GOOG,402.14,426.4,424.46,403.54
20051130,GOOG,395.56,408.45,404.26,404.9125
20051201,GOOG,408.29,415.44,409.1,414.0901
20051202,GOOG,413.86,419.53,416.94,417.7
20051205,GOOG,404.28,417.5,417,405.85
20051206,GOOG,401.7,416.41,408.7,404.54
20051207,GOOG,399.01,406.7,406.21,404.22
20051208,GOOG,402.64,410.65,405.3,410.65
20051209,GOOG,408.56,415.78,415,409.2
20051212,GOOG,409.95,415.21,414.63,412.612
20051213,GOOG,411.64,418,412.5,417.49
20051214,GOOG,415.49,419.73,417.04,418.96
20051215,GOOG,416.5,423.14,419.11,422.53
20051216,GOOG,422.75,432.5,425.34,430.15
20051219,GOOG,420.11,446.21,432.2,424.6
20051220,GOOG,424.67,432.2,427.9,429.74
20051221,GOOG,420.71,436.86,433.55,426.33
20051222,GOOG,425.93,432.86,431.765,432.04
20051223,GOOG,428.78,432.5,432.15,430.93
20051227,GOOG,422.76,431.86,431.86,424.64
20051228,GOOG,421.26,427.78,424.34,426.69
20051229,GOOG,419.17,428.73,428.03,420.15
20051230,GOOG,413.74,418.21,417.27,414.86
20060103,GOOG,418.22,435.67,422.52,435.23
20060104,GOOG,439.75,448.96,443.9,445.24
20060105,GOOG,441.5,451.55,446,451.24
20060106,GOOG,453.24,470.5,456.95,465.66
20060109,GOOG,460.94,473.4,466.41,466.9001
20060110,GOOG,462.04,470.25,464.42,469.76
20060111,GOOG,469.18,475.11,471.45,471.63
20060112,GOOG,461.5,474.99,473.73,463.63
20060113,GOOG,461.61,466.89,464.31,466.25
20060117,GOOG,462.53,469.9,463.06,467.11
20060118,GOOG,443.25,457.36,447.3,444.9099
20060119,GOOG,433,453.49,450.94,436.445
20060120,GOOG,394.74,440.03,438.7,399.4601
20060123,GOOG,405.73,428.39,407.65,427.5
20060124,GOOG,434.48,444.95,436.7,443.03
20060125,GOOG,429.22,454.23,451.65,433
20060126,GOOG,423.56,439.99,439.54,434.265
20060127,GOOG,428.98,438.22,434.87,433.49
20060130,GOOG,425,433.28,429.23,426.82
20060131,GOOG,423.973,439.6,430.86,432.6601
20060201,GOOG,387.52,402,389.39,401.78
20060202,GOOG,395.98,406.5,404.09,396.04
20060203,GOOG,372.57,393.9,393.62,381.555
20060206,GOOG,379.56,389.9,385.31,385.1
20060207,GOOG,363.345,383.7,382.99,367.92
20060208,GOOG,354.67,370.69,368.89,369.08
20060209,GOOG,356.11,374.4,371.2,358.77
20060210,GOOG,353.14,364.5,361.95,362.61
20060213,GOOG,341.89,350.6,346.25,345.7
20060214,GOOG,342.4,351.69,345.33,343.32
20060215,GOOG,337.83,346,341.27,342.38
20060216,GOOG,344.49,367,345.67,366.46
20060217,GOOG,363.62,372.14,370.08,368.75
20060221,GOOG,365.11,373.54,366.44,366.59
20060222,GOOG,363.86,368.95,367.15,365.49
20060223,GOOG,365.39,381.24,365.61,378.07
20060224,GOOG,373.49,380.07,377.3,377.4
20060227,GOOG,380.28,391.7,381.27,390.375
20060228,GOOG,338.51,397.54,393.2,362.62
20060301,GOOG,361.3,369.45,368.56,364.8
20060302,GOOG,362.2,381.1,364.28,376.45
20060303,GOOG,375.76,387.24,384.3,378.18
20060306,GOOG,367.14,383.4,380.91,368.1
20060307,GOOG,358.15,368.45,365.02,364.45
20060308,GOOG,350.5411,360.03,353.935,353.88
20060309,GOOG,341.5,358.53,355.39,343
20060310,GOOG,331.55,344.5,343.52,337.5
20060313,GOOG,335.45,346.1,340.93,337.06
20060314,GOOG,332.62,352.37,337.145,351.16
20060315,GOOG,340.53,352.3,350.77,344.5
20060316,GOOG,337.9,348.75,348.61,338.77
20060317,GOOG,334.93,341.78,338.8,339.79
20060320,GOOG,341.54,350.09,342.34,348.19
20060321,GOOG,339.08,351.66,350.01,339.92
20060322,GOOG,337.5,344.1,339.75,340.22
20060323,GOOG,340.2,345.75,342.35,341.89
20060324,GOOG,362.51,370.09,368.6,365.8
20060327,GOOG,365,371.71,367.09,369.69
20060328,GOOG,371.17,377.86,371.71,377.2
20060329,GOOG,379.51,399,379.94,394.98
20060330,GOOG,383.61,393.5,389.22,388.44
20060331,GOOG,384.03,391.87,388.74,390
20060403,GOOG,387.93,392.47,389.53,389.7
20060404,GOOG,388.14,404.9,389.9,404.34
20060405,GOOG,402.82,414.57,408.205,407.99
20060406,GOOG,405.43,413.89,406.49,411.18
20060407,GOOG,404.02,412.85,412.41,406.16
20060410,GOOG,405.25,417.17,407.08,416.38
20060411,GOOG,406.22,419.1,416.42,409.66
20060412,GOOG,405.19,411.33,409,408.95
20060413,GOOG,400.5,409.76,408.63,402.16
20060417,GOOG,400.84,412.5,403.45,406.82
20060418,GOOG,401.5,409.83,407.93,404.24
20060419,GOOG,406.73,413.64,412.57,410.5
20060420,GOOG,408.2,416,411.01,415
20060421,GOOG,436.17,450.72,448.905,437.1
20060424,GOOG,436.52,444.7,439.4,440.5
20060425,GOOG,426,441.04,439.63,427.16
20060426,GOOG,423.53,430.04,427.74,425.97
20060427,GOOG,419.39,426.91,422.91,420.03
20060428,GOOG,416.3,425.73,418.625,417.94
20060501,GOOG,398.55,419.44,418.47,398.9
20060502,GOOG,388.4,402.49,401.08,394.8
20060503,GOOG,390.88,401.5,396.35,394.17
20060504,GOOG,392.21,398.87,395.03,394.75
20060505,GOOG,391.78,400.68,397.6,394.3
20060508,GOOG,390.05,397.12,395.11,394.78
20060509,GOOG,393.75,409,395.695,408.8
20060510,GOOG,401.86,411.71,408.31,402.98
20060511,GOOG,384.98,404.71,403.42,387
20060512,GOOG,373.55,384.87,383.54,374.13
20060515,GOOG,368.25,380.15,375.93,376.2
20060516,GOOG,369.89,376.86,375.99,371.3
20060517,GOOG,370.22,379.84,370.61,374.5
20060518,GOOG,370.71,381.81,378.78,370.99
20060519,GOOG,360.57,374.5,373.28,370.02
20060522,GOOG,365.25,373.03,367.85,370.95
20060523,GOOG,373.56,383.88,374.21,375.58
20060524,GOOG,371.61,383.44,377.35,381.25
20060525,GOOG,372.31,383,379.08,382.99
20060526,GOOG,380.03,385.88,384.55,381.35
20060530,GOOG,371.45,381,378.28,371.94
20060531,GOOG,366.78,378.25,373.802,371.82
20060601,GOOG,371.6,382.99,373.54,382.62
20060602,GOOG,377.45,387.08,386.84,379.44
20060605,GOOG,374.15,381.45,376.18,374.44
20060606,GOOG,376.3,390,376.585,389.99
20060607,GOOG,386.5,394.86,393.24,386.51
20060608,GOOG,378.59,394.27,387.75,393.3
20060609,GOOG,385.35,395.43,392.19,386.57
20060612,GOOG,381,390.49,388.34,381.54
20060613,GOOG,378.12,387,380.9,386.525
20060614,GOOG,378.52,391.1,389.83,384.39
20060615,GOOG,383,392.25,386.62,391
20060616,GOOG,388,390.93,389.1,390.7
20060619,GOOG,386.98,394.8,390.85,388.14
20060620,GOOG,386.51,391.87,388.03,387.17
20060621,GOOG,389.75,404,391.06,402.13
20060622,GOOG,388,406,401.58,399.95
20060623,GOOG,400.74,409.75,402.76,404.86
20060626,GOOG,403.25,408.3,406.75,404.22
20060627,GOOG,401.01,408,405.71,402.32
20060628,GOOG,401.13,406.48,404.01,406.11
20060629,GOOG,405.82,418.2,407.99,417.81
20060630,GOOG,412.33,419.33,415.6,419.33
20060703,GOOG,419.45,423.77,420.04,423.2
20060705,GOOG,415.64,422.8,421.52,421.46
20060706,GOOG,421.98,425.38,423.375,423.19
20060707,GOOG,415.88,427.89,426.05,420.45
20060710,GOOG,416.38,425.23,423.44,418.2
20060711,GOOG,413.03,425.05,418.505,424.56
20060712,GOOG,416.73,422.74,422.09,417.25
20060713,GOOG,406.83,418.34,414,408.83
20060714,GOOG,398.61,411.49,410.33,403.5
20060717,GOOG,403.72,411,404.625,407.89
20060718,GOOG,397.74,410.57,409.75,403.05
20060719,GOOG,394.66,401.14,395.01,399
20060720,GOOG,385.66,404.44,404.28,387.12
20060721,GOOG,377.69,391.75,386.14,390.108
20060724,GOOG,381.21,393.89,392.82,390.9
20060725,GOOG,383.8,391.31,385.02,389.36
20060726,GOOG,383,391.91,388.2,385.5
20060727,GOOG,377.95,387.49,387.37,382.4
20060728,GOOG,381.73,389.56,382,388.12
20060731,GOOG,383.31,389.17,388,386.6
20060801,GOOG,375.51,385.77,385.11,375.51
20060802,GOOG,365.2,377.17,375.6,367.23
20060803,GOOG,363.36,377.91,364.98,375.39
20060804,GOOG,371.75,380.68,379.56,373.85
20060807,GOOG,371.15,379.73,371.5,377.95
20060808,GOOG,379.09,384.5,382.82,381
20060809,GOOG,376.36,384.68,382.8,376.94
20060810,GOOG,372.46,377.67,373.88,374.2
20060811,GOOG,368,375.28,374.4,368.5
20060814,GOOG,368.67,375.13,371.5,369.43
20060815,GOOG,372.6,381.6699,374.11,380.97
20060816,GOOG,382.12,388.45,383.48,387.72
20060817,GOOG,383.92,390,386.39,385.8
20060818,GOOG,380.75,387.09,386.31,383.36
20060821,GOOG,375.22,379,378.1,377.3
20060822,GOOG,374.84,379.26,377.734,378.29
20060823,GOOG,372.66,378.27,377.64,373.43
20060824,GOOG,372.26,376.4,374.44,373.73
20060825,GOOG,372.5,375.32,373.08,373.26
20060828,GOOG,375,380.95,375.61,380.95
20060829,GOOG,377.2,382.32,380.78,378.95
20060830,GOOG,378.51,384.65,379.21,380.75
20060831,GOOG,378.2,382.15,381.494,378.53
20060901,GOOG,377.19,381.28,380.995,378.6
20060905,GOOG,377.44,385.4,379.87,384.36
20060906,GOOG,379.66,383.19,382.1,380.14
20060907,GOOG,377.4,381.75,379.39,378.49
20060908,GOOG,376.72,380.79,376.72,377.85
20060911,GOOG,377.77,384.69,378.26,384.09
20060912,GOOG,384.88,392.73,385,391.9
20060913,GOOG,395.1,406.76,395.15,406.57
20060914,GOOG,401.93,406.28,404.3,403.98
20060915,GOOG,406.74,410.05,407.48,409.88
20060918,GOOG,409.47,418.69,410,414.69
20060919,GOOG,392.74,415.49,415.46,403.81
20060920,GOOG,394.62,407.39,407.1,397
20060921,GOOG,399.86,408.45,400.3,406.85
20060922,GOOG,401.36,407.45,404.98,403.78
20060925,GOOG,402.5,409.45,405.58,403.98
20060926,GOOG,401.77,407.68,405.5,406.87
20060927,GOOG,402.37,411.22,406.3,402.92
20060928,GOOG,400.54,406.98,404.08,403.58
20060929,GOOG,401.41,405.62,405.125,401.9
20061002,GOOG,400.8,406,401.9,401.44
20061003,GOOG,398.19,406.46,401.29,404.04
20061004,GOOG,403.05,415.77,404.97,415.7
20061005,GOOG,410.86,418.24,414.7,411.81
20061006,GOOG,409.7501,421.91,410.22,420.5
20061009,GOOG,423.42,431.95,424.8,429
20061010,GOOG,422.39,437.85,431.56,426.65
20061011,GOOG,423.76,429.91,425.02,426.5
20061012,GOOG,424,429.68,428.56,427.44
20061013,GOOG,425.56,429.5,427.76,427.3
20061016,GOOG,421.34,429.2,427.7,421.75
20061017,GOOG,416.702,423.75,420.3,420.64
20061018,GOOG,417.5,424.75,422.995,419.31
20061019,GOOG,419.57,454.91,420.23,426.06
20061020,GOOG,453.59,460.1,458.99,459.67
20061023,GOOG,460.37,484.64,462.28,480.78
20061024,GOOG,471.41,477.86,476.28,473.31
20061025,GOOG,475.11,488.5,477.435,486.601
20061026,GOOG,484.2,491.96,487.68,485.1
20061027,GOOG,472.49,485.24,483.901,475.2
20061030,GOOG,470.01,480.46,474.82,476.57
20061031,GOOG,473.84,482.16,478.06,476.39
20061101,GOOG,465.26,479.13,478.755,467.5
20061102,GOOG,466.38,473.73,467.5,469.91
20061103,GOOG,465.0615,473.75,472.23,471.798
20061106,GOOG,472.33,479.66,473.77,476.95
20061107,GOOG,471.77,479.02,476.955,472.57
20061108,GOOG,468.6,481.74,470.35,475
20061109,GOOG,471.86,479.49,476.5,472.63
20061110,GOOG,470.29,474.72,473.78,473.55
20061113,GOOG,474.14,481.17,474.9,481.03
20061114,GOOG,480.5,489.95,480.7,489.3
20061115,GOOG,491.93,499.85,493.43,491.93
20061116,GOOG,492.56,497.68,495,495.9
20061117,GOOG,493,499.66,493.25,498.79
20061120,GOOG,492.65,498.4,498.4,495.05
20061121,GOOG,495.83,510,496.54,509.65
20061122,GOOG,505.78,513,510.97,508.01
20061124,GOOG,504,507.5,504.5,505
20061127,GOOG,484.75,501.78,501.37,484.75
20061128,GOOG,477.03,489.86,481.095,489.5
20061129,GOOG,482.25,494.74,494.24,484.65
20061130,GOOG,481.55,490.4,484.19,484.81
20061201,GOOG,478.5,488.39,485.98,480.8
20061204,GOOG,479.35,487.43,483,484.85
20061205,GOOG,484.89,489.44,487.4,487
20061206,GOOG,484.52,492.4,486.96,488.71
20061207,GOOG,482.42,491.8,490.23,482.64
20061208,GOOG,480,488.6,481.94,484.11
20061211,GOOG,483.8,488.9,484.92,483.93
20061212,GOOG,480.28,486.36,483.85,481.78
20061213,GOOG,477.02,485.5,484.69,478.99
20061214,GOOG,477.26,483.75,480.25,482.12
20061215,GOOG,479.84,484.11,482.635,480.3
20061218,GOOG,460.72,482.74,482.5,462.8
20061219,GOOG,458.5,469.31,461.72,468.63
20061220,GOOG,462.33,471.5,470,462.9
20061221,GOOG,452.3405,465.25,464.185,456.2
20061222,GOOG,452.73,458.64,457.5,455.58
20061226,GOOG,454.59,459.47,456.52,457.53
20061227,GOOG,459.1,468.08,460,468.03
20061228,GOOG,462.25,468.58,467.12,462.56
20061229,GOOG,459.86,464.47,462.1,460.48
20070103,GOOG,461.11,476.66,466,467.59
20070104,GOOG,468.35,483.95,469,483.26
20070105,GOOG,478.11,487.5,482.5,487.19
20070108,GOOG,482.2,489.87,487.69,483.58
20070109,GOOG,481.2,488.25,485.45,485.5
20070110,GOOG,482.04,493.55,484.43,489.46
20070111,GOOG,496.18,501.75,497.2,499.72
20070112,GOOG,500,505,501.99,505
20070116,GOOG,503.3,513,507.55,504.28
20070117,GOOG,494.38,507.77,503.395,497.28
20070118,GOOG,487.43,496.48,494.52,487.83
20070119,GOOG,486.74,490.76,487.98,489.75
20070122,GOOG,478.5,492.65,492.5,480.84
20070123,GOOG,477.29,484.75,480.79,479.05
20070124,GOOG,483.29,499.54,484.445,499.07
20070125,GOOG,485.66,504.5,501,488.09
20070126,GOOG,487.03,497.9,490.93,495.84
20070129,GOOG,490.5,498.75,498,492.47
20070130,GOOG,491.22,498,494,494.32
20070131,GOOG,495.51,505,496.49,501.5
20070201,GOOG,481.53,506.01,506,481.75
20070202,GOOG,477.81,485,482.61,481.5
20070205,GOOG,466.19,478,477.5,467.16
20070206,GOOG,467.26,473.3,468.1,471.48
20070207,GOOG,468.78,474.35,473.82,470.01
20070208,GOOG,465.15,473.75,468.05,471.03
20070209,GOOG,461.5,472.68,471.65,461.89
20070212,GOOG,455.02,462.39,460.68,458.29
20070213,GOOG,457.26,462.78,459.155,459.1
20070214,GOOG,459.22,469.13,460,465.93
20070215,GOOG,460.72,466.13,466,461.47
20070216,GOOG,462.06,470.15,462.8,469.94
20070220,GOOG,464.71,472.75,468.47,472.1
20070221,GOOG,467.74,478.68,469.84,475.86
20070222,GOOG,474.39,484.24,478.69,475.85
20070223,GOOG,467.8,476.95,475.75,470.62
20070226,GOOG,463.75,475.25,472.83,464.93
20070227,GOOG,447.17,459.8,455,448.77
20070228,GOOG,443.04,453.67,450.41,449.45
20070301,GOOG,440,452.42,442.67,448.23
20070302,GOOG,438.68,448.7,445.11,438.68
20070305,GOOG,437,445.5,437.02,440.945
20070306,GOOG,447.38,459,447.47,457.55
20070307,GOOG,454.29,463.14,462.69,455.64
20070308,GOOG,454.1,465.5,459.22,454.72
20070309,GOOG,450.1,458.4,458,452.96
20070312,GOOG,451.11,455.25,452.57,454.75
20070313,GOOG,442.83,451.93,450.11,443.03
20070314,GOOG,439,448.66,443.23,448
20070315,GOOG,443.94,449.822,447.86,446.19
20070316,GOOG,439.89,446.7,445.65,440.85
20070319,GOOG,440.63,448.5,443.25,447.23
20070320,GOOG,443.6,447.6,445.79,445.28
20070321,GOOG,445.215,456.57,445.3,456.55
20070322,GOOG,452.53,462.17,455.61,462.04
20070323,GOOG,457.08,463.39,461.45,461.83
20070326,GOOG,455.62,465,460.55,465
20070327,GOOG,460.34,465.23,463.55,463.62
20070328,GOOG,460.15,465.44,461.87,461.88
20070329,GOOG,455,466,464.55,460.92
20070330,GOOG,456.14,463.4,462.1,458.16
20070402,GOOG,452.12,458.53,457.76,458.53
20070403,GOOG,464,474.25,464.05,472.6
20070404,GOOG,469.58,473,472.14,471.02
20070405,GOOG,469.62,472.09,471.3,471.51
20070409,GOOG,465.59,473,472.98,468.21
20070410,GOOG,465.16,470.79,467.09,466.5
20070411,GOOG,462.61,469.4,466.06,464.53
20070412,GOOG,462.24,468,464,467.39
20070413,GOOG,463.36,468.77,468.45,466.29
20070416,GOOG,468.15,476.99,468.457,474.27
20070417,GOOG,471.6,476.39,473.8,472.8
20070418,GOOG,469.53,479.9,471.26,476.01
20070419,GOOG,469.59,481.95,474.5,471.65
20070420,GOOG,482.02,492.5,490.52,482.48
20070423,GOOG,478.26,485,480.1,479.08
20070424,GOOG,475.55,479.98,478.61,477.53
20070425,GOOG,476.11,481.37,480,477.99
20070426,GOOG,477.11,484.45,478.1,481.18
20070427,GOOG,478.33,482.4,480.07,479.01
20070430,GOOG,471.38,481.35,479.15,471.38
20070501,GOOG,464.17,472.81,472.19,469
20070502,GOOG,465.73,471.08,468.65,465.78
20070503,GOOG,465.29,474.07,466.22,473.23
20070504,GOOG,465.88,474.84,470.12,471.12
20070507,GOOG,466.47,472.82,472.14,467.27
20070508,GOOG,464.73,468.17,466.13,466.81
20070509,GOOG,463.88,471.73,466.15,469.25
20070510,GOOG,461.02,469.49,467.04,461.47
20070511,GOOG,461,467,461.83,466.74
20070514,GOOG,460,467.51,465.48,461.78
20070515,GOOG,457.41,462.54,461.96,458
20070516,GOOG,459.02,473.14,462,472.61
20070517,GOOG,470.81,475.22,472.46,470.96
20070518,GOOG,469.75,472.7,472.03,470.32
20070521,GOOG,466.72,479.2,469.53,470.6
20070522,GOOG,473,479.01,473,475.86
20070523,GOOG,473.75,483.4103,480.8206,473.97
20070524,GOOG,471.5,479.2,475.15,474.33
20070525,GOOG,477.27,484.95,479.7,483.52
20070529,GOOG,484,491.8,485,487.11
20070530,GOOG,483,498.84,484.5,498.6
20070531,GOOG,497.06,508.78,500.56,497.909
20070601,GOOG,497.93,505.02,501,500.397
20070604,GOOG,497.59,510.51,497.91,507.07
20070605,GOOG,506.61,519,509.75,518.84
20070606,GOOG,515.26,520.78,516.75,518.25
20070607,GOOG,512.51,526.5,519.75,515.06
20070608,GOOG,509.46,519.64,516.2,515.49
20070611,GOOG,510,518.25,514.02,511.34
20070612,GOOG,503.17,511.67,508.71,504.77
20070613,GOOG,498.69,508.54,507.087,505.24
20070614,GOOG,501.7,505.88,505.38,502.84
20070615,GOOG,501.23,509,508.19,505.89
20070618,GOOG,504.24,516,506.18,515.2
20070619,GOOG,511.54,517.25,514.01,514.31
20070620,GOOG,509.06,518.75,516.96,509.97
20070621,GOOG,506.28,515.29,510.98,514.11
20070622,GOOG,516.1,524.99,516.42,524.98
20070625,GOOG,523.38,534.99,528.98,527.42
20070626,GOOG,526.24,533.2,532.73,530.26
20070627,GOOG,519.56,527.99,525,526.29
20070628,GOOG,523.8,529.5,524.88,525.01
20070629,GOOG,519.46,527.4,526.02,522.7001
20070702,GOOG,524.2,531.85,525.49,530.38
20070703,GOOG,527.5,534.4,531.06,534.34
20070705,GOOG,532.15,544.4,535.56,541.63
20070706,GOOG,538.73,543.87,541.25,539.4
20070709,GOOG,540.26,548.74,543,542.56
20070710,GOOG,541.65,547,543.79,543.34
20070711,GOOG,540.01,546.5,543.61,544.47
20070712,GOOG,540.22,547.32,545.86,545.33
20070713,GOOG,547.25,552.67,547.91,552.16
20070716,GOOG,549.31,558.58,550.3,552.99
20070717,GOOG,552.38,557.73,555.04,555
20070718,GOOG,543.81,554.5,553.89,549.5
20070719,GOOG,542.24,553.52,553.46,548.59
20070720,GOOG,509.5,523.18,511.9,520.12
20070723,GOOG,512.15,520,519.01,512.51
20070724,GOOG,507.11,518.69,509.3,514.0001
20070725,GOOG,505.56,517.02,516.98,509.76
20070726,GOOG,498.88,512.59,508.74,508
20070727,GOOG,505.5,516.62,508.53,511.89
20070730,GOOG,510.5,519.34,512.92,516.11
20070731,GOOG,510,520.44,520.23,510
20070801,GOOG,508.14,516.51,510.5,512.94
20070802,GOOG,509,514.99,513.72,511.01
20070803,GOOG,503,513.2,510.05,503
20070806,GOOG,502.5,510.15,503,510
20070807,GOOG,509.04,519.88,509.75,516.02
20070808,GOOG,517.09,525.78,519.34,525.78
20070809,GOOG,514.63,526.82,520.8,514.73
20070810,GOOG,505.63,518.72,510.18,515.75
20070813,GOOG,513.03,519.75,519.54,515.5
20070814,GOOG,508,517.4,515.72,508.6
20070815,GOOG,496.71,511.69,509,497.55
20070816,GOOG,480.46,496.43,492.02,491.52
20070817,GOOG,491.65,501,497.44,500.04
20070820,GOOG,496,502.56,502.46,497.92
20070821,GOOG,497.77,508.16,498.94,506.61
20070822,GOOG,509.25,516.25,509.96,512.75
20070823,GOOG,507,516.13,516,512.19
20070824,GOOG,508.5,515.55,512.61,515
20070827,GOOG,511.4,517.45,514.43,513.26
20070828,GOOG,505.79,514.98,511.53,506.4
20070829,GOOG,507.23,513.3,507.84,512.88
20070830,GOOG,510.578,515.4,512.36,511.4
20070831,GOOG,511.47,516.5,513.1,515.25
20070904,GOOG,514.62,528,515.02,525.15
20070905,GOOG,522.25,529.48,523.4,527.8
20070906,GOOG,518.24,529.83,529.36,523.52
20070907,GOOG,516.8,521.24,517.86,519.35
20070910,GOOG,510.88,522.07,521.28,514.48
20070911,GOOG,515.73,521.65,516.99,521.33
20070912,GOOG,519,527.98,520.53,522.65
20070913,GOOG,523.22,527.21,524.06,524.78
20070914,GOOG,522.22,530.27,523.2,528.75
20070917,GOOG,524.07,529.28,526.53,525.3
20070918,GOOG,524.27,537.25,526.52,535.27
20070919,GOOG,538.86,549.4499,539.27,546.85
20070920,GOOG,546.0301,556.8,547,552.83
20070921,GOOG,552.83,560.79,556.34,560.1
20070924,GOOG,560,571.46,561,568.02
20070925,GOOG,562.86,569.56,564,569
20070926,GOOG,563.81,571.7899,570.4,568.16
20070927,GOOG,565.78,571.74,571.73,567.5
20070928,GOOG,564.12,569.55,567,567.27
20071001,GOOG,569.61,584.35,569.97,582.5499
20071002,GOOG,580.01,596.81,583.38,584.39
20071003,GOOG,580.36,588.99,586.25,584.0199
20071004,GOOG,577.06,585.09,585.09,579.03
20071005,GOOG,587.01,596,587.11,594.05
20071008,GOOG,593.95,610.26,595,609.62
20071009,GOOG,608.39,623.78,615.11,615.185
20071010,GOOG,616.8,625.68,621.36,625.39
20071011,GOOG,609,641.41,633.64,622
20071012,GOOG,618.24,638.4,623.98,637.39
20071015,GOOG,615.55,639.86,638.47,620.11
20071016,GOOG,611.99,625.92,618.49,616
20071017,GOOG,621.59,634,630.45,633.48
20071018,GOOG,628.5,641.37,635.41,639.62
20071019,GOOG,643.23,658.49,654.56,644.71
20071022,GOOG,636.28,655,638.67,650.75
20071023,GOOG,660,677.6,661.25,675.77
20071024,GOOG,659.56,677.47,672.71,675.82
20071025,GOOG,663.55,678.97,678.68,668.51
20071026,GOOG,668.06,676.54,674.03,674.6
20071029,GOOG,672.09,680,677.77,679.23
20071030,GOOG,677.51,699.91,677.51,694.77
20071031,GOOG,696.04,707,700.69,707
20071101,GOOG,701.78,713.72,702.79,703.21
20071102,GOOG,697.34,713.58,710.51,711.25
20071105,GOOG,706.07,730.23,706.99,725.65
20071106,GOOG,725,741.79,737.56,741.79
20071107,GOOG,723.14,747.24,741.13,732.9399
20071108,GOOG,677.18,734.89,734.6,693.84
20071109,GOOG,661.21,681.88,675.78,663.97
20071112,GOOG,626.21,669.93,657.74,632.07
20071113,GOOG,632.07,660.92,644.99,660.55
20071114,GOOG,636.27,675.49,673.28,641.68
20071115,GOOG,624,647.5,638.57,629.65
20071116,GOOG,616.02,635.49,633.94,633.63
20071119,GOOG,618.5,636.77,629.59,625.85
20071120,GOOG,632.87,659.1,636.48,648.54
20071121,GOOG,642.0801,669.97,643.77,660.52
20071123,GOOG,668.11,678.28,670,676.7
20071126,GOOG,665,693.4,680.2,666
20071127,GOOG,650.26,676.43,674.8,673.57
20071128,GOOG,672.14,694.3,682.11,692.26
20071129,GOOG,687.77,702.79,690.75,697
20071130,GOOG,682.11,711.06,711,693
20071203,GOOG,681.14,695,691.01,681.53
20071204,GOOG,677.1201,692,678.31,684.16
20071205,GOOG,687.5,698.93,692.73,698.51
20071206,GOOG,697.01,716.56,697.8,715.26
20071207,GOOG,710.5,718,714.99,714.87
20071210,GOOG,714,724.8,715.99,718.42
20071211,GOOG,698.78,720.99,719.94,699.204
20071212,GOOG,688.5,714.32,714,699.35
20071213,GOOG,681.21,697.62,696.31,694.05
20071214,GOOG,687.26,699.7,687.51,689.96
20071217,GOOG,663.67,695.42,688,669.23
20071218,GOOG,652.5,676.71,674.16,673.35
20071219,GOOG,669,679.5,674.21,677.37
20071220,GOOG,680.61,691,685.83,689.69
20071221,GOOG,693.24,699.26,697.88,696.69
20071224,GOOG,693.06,700.73,694.99,700.73
20071226,GOOG,698.21,713.22,698.99,710.84
20071227,GOOG,700.7383,716,707.07,700.74
20071228,GOOG,696.54,707.95,704.93,702.53
20071231,GOOG,690.58,702.49,698.57,691.48
20080102,GOOG,677.7301,697.37,692.87,685.19
20080103,GOOG,676.52,686.85,685.26,685.33
20080104,GOOG,655,680.96,679.69,657
20080107,GOOG,637.35,662.28,653.94,649.25
20080108,GOOG,631,659.96,653,631.6799
20080109,GOOG,622.51,653.34,630.04,653.2
20080110,GOOG,640.11,657.2,645.01,646.73
20080111,GOOG,630.11,649.47,642.7,638.25
20080114,GOOG,645.25,657.4,651.14,653.82
20080115,GOOG,635.38,649.05,645.9,637.65
20080116,GOOG,601.93,639.99,628.97,615.95
20080117,GOOG,598.01,625.74,620.76,600.79
20080118,GOOG,598.45,609.99,608.36,600.25
20080122,GOOG,561.2,597.5,562.03,584.35
20080123,GOOG,519,568,560.71,548.6201
20080124,GOOG,554.14,579.69,558.8,574.49
20080125,GOOG,566.18,595,591.81,566.4
20080128,GOOG,548.6,572.239,570.97,555.98
20080129,GOOG,540.67,561.33,560.47,550.52
20080130,GOOG,543.51,560.43,549.19,548.27
20080131,GOOG,534.2901,573,539.01,564.3
20080201,GOOG,510,536.67,528.67,515.9
20080204,GOOG,492.55,512.78,509.07,495.43
20080205,GOOG,488.52,509,489.43,506.7995
20080206,GOOG,497.93,511.17,511.14,501.71
20080207,GOOG,494.76,514.19,496.86,504.95
20080208,GOOG,508.7,517.73,509.41,516.69
20080211,GOOG,513.4,523.71,520.52,521.16
20080212,GOOG,513.03,530.6,523.39,518.09
20080213,GOOG,518.69,534.99,522.5,534.62
20080214,GOOG,531,541.04,538.35,532.25
20080215,GOOG,524.33,532.66,528.31,529.64
20080219,GOOG,506.5,535.06,534.94,508.95
20080220,GOOG,498.82,511.01,503.51,509
20080221,GOOG,499.5,513.21,512.85,502.86
20080222,GOOG,497.5501,509,502.06,507.8
20080225,GOOG,485.74,506.5,505.95,486.44
20080226,GOOG,446.85,466.47,461.2,464.19
20080227,GOOG,459.64,475.49,460.13,472.86
20080228,GOOG,467.36,479.09,470.5,475.39
20080229,GOOG,464.65,479.74,471.87,471.18
20080303,GOOG,450.11,472.72,471.51,457.02
20080304,GOOG,435.78,453.36,450.95,444.6
20080305,GOOG,444,454.17,445.25,447.6999
20080306,GOOG,431.18,453.3,447.69,432.7
20080307,GOOG,426.24,440,428.88,433.35
20080310,GOOG,413.04,431,428.83,413.62
20080311,GOOG,424.65,440.15,425.26,439.8399
20080312,GOOG,438.07,447.88,440.01,440.18
20080313,GOOG,428.78,446.98,432.67,443.01
20080314,GOOG,430.62,449.34,442.98,437.92
20080317,GOOG,412.11,433.71,427.99,419.87
20080318,GOOG,425.5301,440.84,428.98,439.16
20080319,GOOG,431.67,447.5,441.11,432
20080320,GOOG,417.5,435.7,427.32,433.55
20080324,GOOG,437.72,465.78,438.43,460.56
20080325,GOOG,446,457.47,457.46,450.78
20080326,GOOG,449.29,462.87,452.59,458.19
20080327,GOOG,440.49,448.61,446,444.08
20080328,GOOG,434.31,453.569,447.46,438.08
20080331,GOOG,432.01,442.69,435.64,440.47
20080401,GOOG,446.87,466.5,447.74,465.71
20080402,GOOG,460.39,475.74,469.9,465.7
20080403,GOOG,448.13,463.29,461.73,455.12
20080404,GOOG,456.2,477.83,457.01,471.09
20080407,GOOG,473.53,485.44,477.03,476.82
20080408,GOOG,462.01,474.14,473.04,467.81
20080409,GOOG,457.54,472,469.13,464.19
20080410,GOOG,461.85,473.864,464.96,469.08
20080411,GOOG,455.01,467.26,464.07,457.45
20080414,GOOG,450.15,457.45,457.16,451.66
20080415,GOOG,443.72,459.72,458.13,446.84
20080416,GOOG,441,458.28,444.4,455.03
20080417,GOOG,446.52,459.37,455.63,449.54
20080418,GOOG,524.77,547.7,535.21,539.41
20080421,GOOG,530.29,542.59,539.39,537.79
20080422,GOOG,537.56,560.8299,537.57,555
20080423,GOOG,540.95,559.31,557.94,546.49
20080424,GOOG,540.02,554.49,551.29,543.04
20080425,GOOG,542.73,553,549.02,544.06
20080428,GOOG,539,556.81,545.88,552.12
20080429,GOOG,550.01,563.4,550.83,558.47
20080430,GOOG,558.47,584.86,562.21,574.29
20080501,GOOG,576.972,594.93,578.31,593.08
20080502,GOOG,579.3,602.45,598.49,581.29
20080505,GOOG,587.13,599,598.86,594.9
20080506,GOOG,583,592,591,586.36
20080507,GOOG,576.43,599.49,590.27,579
20080508,GOOG,578.91,589.3,586.2,583.01
20080509,GOOG,571.3,585,579,573.2
20080512,GOOG,568.91,586.75,574.75,584.94
20080513,GOOG,578.55,587.95,586.23,583
20080514,GOOG,575.25,591.19,586.49,576.3
20080515,GOOG,575.61,582.95,579,581
20080516,GOOG,578.32,584.68,581.43,580.0701
20080519,GOOG,573.52,588.88,578.55,577.52
20080520,GOOG,572.91,582.48,574.63,578.6
20080521,GOOG,547.89,581.41,578.52,549.99
20080522,GOOG,540.25,554.21,551.95,549.46
20080523,GOOG,537.81,553,546.96,544.62
20080527,GOOG,543.85,562.6,544.9599,560.9
20080528,GOOG,561.1,571.49,567.94,568.24
20080529,GOOG,573.2,585.88,574.79,583
20080530,GOOG,581.3,589.92,583.47,585.8
20080602,GOOG,571.2701,583.89,582.5,575
20080603,GOOG,560.61,580.4999,576.5,567.3
20080604,GOOG,564.55,578,565.33,572.22
20080605,GOOG,576.21,588.04,577.08,586.3
20080606,GOOG,567,580.72,579.75,567
20080609,GOOG,545.4,570,568.06,557.87
20080610,GOOG,546.78,558.82,549.56,554.17
20080611,GOOG,544.46,557.34,556.24,545.2
20080612,GOOG,546.88,558,548.76,552.95
20080613,GOOG,561.336,575.7,561.49,571.51
20080616,GOOG,566.5,579.1,566.5,572.81
20080617,GOOG,568.38,578.07,576.35,569.46
20080618,GOOG,559.16,568.99,564.51,562.38
20080619,GOOG,550.81,563.78,555.35,560.2
20080620,GOOG,544.51,556.98,556.98,546.43
20080623,GOOG,542.02,553.15,545.36,545.21
20080624,GOOG,535.1,551.19,545.14,542.3
20080625,GOOG,543.67,557.79,544.97,551
20080626,GOOG,528.26,544.93,544.1,528.82
20080627,GOOG,515.09,530,527.68,528.07
20080630,GOOG,523.06,538,532.47,526.42
20080701,GOOG,517,536.72,519.58,534.73
20080702,GOOG,526.06,540.38,536.51,527.04
20080703,GOOG,527.5,539.23,530.88,537
20080707,GOOG,535.6,549,542.3,543.91
20080708,GOOG,540,555.19,545.99,554.53
20080709,GOOG,540.73,555.68,550.76,541.55
20080710,GOOG,530.721,549.5,545,540.57
20080711,GOOG,519.43,539.5,536.5,533.8
20080714,GOOG,515.45,540.06,539,521.62
20080715,GOOG,501.1,527.5,516.28,516.09
20080716,GOOG,510.6,536.5,514.04,535.6
20080717,GOOG,524.5,537.05,534.16,533.44
20080718,GOOG,478.19,498.98,498.35,481.32
20080721,GOOG,465.7,484.09,480.88,468.8
20080722,GOOG,465.6,480.25,466.72,477.11
20080723,GOOG,478.1,497.23,481.61,489.22
20080724,GOOG,475.62,496.87,496.7,475.62
20080725,GOOG,481.5,493.132,486.49,491.98
20080728,GOOG,475.13,492.09,492.09,477.12
20080729,GOOG,478,487.26,479.3,483.11
20080730,GOOG,472.81,486.02,485.5,482.7
20080731,GOOG,471.44,480.89,474.56,473.75
20080801,GOOG,462.5,473.22,472.51,467.86
20080804,GOOG,461.9,473.01,468.11,463
20080805,GOOG,466.33,480.08,467.59,479.85
20080806,GOOG,472.51,489.77,478.37,486.34
20080807,GOOG,476.41,484,482,479.12
20080808,GOOG,475.69,495.75,480.15,495.01
20080811,GOOG,491.78,508.88,492.47,500.84
20080812,GOOG,498,506.13,502,502.61
20080813,GOOG,493.88,503.54,501.6,500.03
20080814,GOOG,496.29,507.61,497.7,505.49
20080815,GOOG,505.5,510.66,506.99,510.15
20080818,GOOG,495.51,510,509.84,498.3
20080819,GOOG,486.63,498.28,490.43,490.5
20080820,GOOG,482.57,496.69,494.72,485
20080821,GOOG,479.27,489.89,482.92,486.53
20080822,GOOG,489.48,494.876,491.5,490.59
20080825,GOOG,481.5,497,486.11,483.01
20080826,GOOG,470.59,483.46,483.46,474.16
20080827,GOOG,464.84,474.83,473.73,468.58
20080828,GOOG,470.33,476.45,472.49,473.78
20080829,GOOG,462.33,471.01,469.75,463.29
20080902,GOOG,461.42,482.18,476.77,465.25
20080903,GOOG,459.58,474.28,468.73,464.41
20080904,GOOG,449.4,463.24,464.41,450.26
20080905,GOOG,440.08,452.456,445.49,444.25
20080908,GOOG,417.55,452.94,452.02,419.95
20080909,GOOG,415,432.38,423.17,418.66
20080910,GOOG,409.68,424.48,424.47,414.16
20080911,GOOG,406.38,435.09,408.35,433.75
20080912,GOOG,429,441.99,430.21,437.66
20080915,GOOG,423.71,441.97,424,433.86
20080916,GOOG,425.49,449.28,425.96,442.93
20080917,GOOG,413.44,439.14,438.48,414.49
20080918,GOOG,410.5,439.18,422.64,439.08
20080919,GOOG,443.28,462.07,461,449.15
20080922,GOOG,429,454.13,454.13,430.14
20080923,GOOG,425.72,440.79,433.25,429.27
20080924,GOOG,430.11,445,430.34,435.11
20080925,GOOG,435.98,450,438.84,439.6
20080926,GOOG,421.03,437.16,428,431.04
20080929,GOOG,380.71,423.51,419.51,381
20080930,GOOG,392.32,425.08,395.98,400.52
20081001,GOOG,403.1,416.98,411.15,411.72
20081002,GOOG,386,409.98,409.79,390.49
20081003,GOOG,383.07,412.49,397.35,386.91
20081006,GOOG,357.16,375.99,373.98,371.21
20081007,GOOG,345.37,374.98,373.33,346.01
20081008,GOOG,326.11,358.99,330.16,338.11
20081009,GOOG,321.67,348.56,344.52,328.98
20081010,GOOG,310.3,341.89,313.16,332
20081013,GOOG,345.75,381.95,355.79,381.02
20081014,GOOG,357,394.5,393.53,362.71
20081015,GOOG,338.83,359,354.65,339.17
20081016,GOOG,309.44,356.5,332.76,353.02
20081017,GOOG,363.55,386,378.96,372.54
20081020,GOOG,359.59,380.98,379.75,379.32
20081021,GOOG,362,383.78,372.39,362.75
20081022,GOOG,344,369.69,356.99,355.67
20081023,GOOG,337.99,358,353.65,352.32
20081024,GOOG,324.74,350.47,326.47,339.29
20081027,GOOG,325.6,343,334.81,329.49
20081028,GOOG,328.51,369.31,339.05,368.75
20081029,GOOG,352.37,371,365.79,358
20081030,GOOG,358.37,372,368.46,359.69
20081031,GOOG,354.27,371.95,356.16,359.36
20081103,GOOG,341.43,362.99,357.58,346.49
20081104,GOOG,345.5,372.36,353.44,366.94
20081105,GOOG,341.31,368.88,362.15,342.24
20081106,GOOG,325.81,344.42,339.97,331.22
20081107,GOOG,325.331,341.15,333.12,331.14
20081110,GOOG,309.47,329.444,328,318.78
20081111,GOOG,300.521,316.3,308.69,311.46
20081112,GOOG,287.76,312.48,302.05,291
20081113,GOOG,280,313,291.77,312.08
20081114,GOOG,302.56,324.99,303.25,310.02
20081117,GOOG,297.95,310.16,303,300.12
20081118,GOOG,285.35,303.73,301.57,297.42
20081119,GOOG,278.58,300.19,295.39,280.18
20081120,GOOG,259.04,282.94,274.89,259.56
20081121,GOOG,247.3,269.37,262.51,262.43
20081124,GOOG,249.01,269.95,269.26,257.44
20081125,GOOG,267.32,286.66,268.68,282.05
20081126,GOOG,276.2,295.46,280.28,292.09
20081128,GOOG,288.28,296.45,290.58,292.96
20081201,GOOG,265.983,287.37,286.68,265.99
20081202,GOOG,262.58,277.78,269.73,275.11
20081203,GOOG,265.34,281.36,275.11,279.43
20081204,GOOG,268.77,283.49,276.53,274.34
20081205,GOOG,264.02,284.24,271.02,283.99
20081208,GOOG,282,309.44,289.99,302.11
20081209,GOOG,297.01,318,297.69,305.97
20081210,GOOG,304.51,314.9,309.24,308.82
20081211,GOOG,297.8,312.88,304.17,300.22
20081212,GOOG,294,316.47,295.71,315.76
20081215,GOOG,305.11,318.49,314.01,310.67
20081216,GOOG,311.27,329.5,314.52,325.28
20081217,GOOG,312.42,322.13,318.64,315.24
20081218,GOOG,309.11,320.35,316.7,310.28
20081219,GOOG,309,317.79,310.99,310.17
20081222,GOOG,290.63,309.5,308.56,297.11
20081223,GOOG,296.67,303.31,300.43,298.02
20081224,GOOG,298.38,306.34,301.47,302.95
20081226,GOOG,298.31,305.26,304.07,300.36
20081229,GOOG,291.58,301.38,300.22,297.42
20081230,GOOG,298.71,306.81,300.8,303.11
20081231,GOOG,302.61,311,304.2,307.65
20090102,GOOG,305.5,321.81,308.59,321.32
20090105,GOOG,315,331.24,321,328.05
20090106,GOOG,326.39,340.799,332.98,334.06
20090107,GOOG,318.75,330.9,328.32,322.01
20090108,GOOG,317.34,325.19,318.28,325.19
20090109,GOOG,313.4,327.5,327.5,315.07
20090112,GOOG,310.23,318.95,316.31,312.69
20090113,GOOG,310.39,320.6,311.77,314.32
20090114,GOOG,297.75,313.8,310,300.97
20090115,GOOG,286.79,303.58,297.57,298.99
20090116,GOOG,295.7,308.25,305.02,299.67
20090120,GOOG,282.75,299.5,299.14,282.75
20090121,GOOG,288.35,303.5,288.35,303.08
20090122,GOOG,295.15,309.35,298.04,306.5
20090123,GOOG,304.22,331.96,309.27,324.7
20090126,GOOG,320.56,328,324.85,323.87
20090127,GOOG,324.27,333.87,326.45,331.48
20090128,GOOG,336.31,352.33,337.98,348.67
20090129,GOOG,340.11,345.05,344.54,343.32
20090130,GOOG,336.001,348.8,344.69,338.53
20090202,GOOG,332,345,334.29,340.57
20090203,GOOG,333.82,343,342.57,340.45
20090204,GOOG,339.17,354.44,340.45,343
20090205,GOOG,337,355.38,343,353.72
20090206,GOOG,355.44,373.81,356.46,371.28
20090209,GOOG,367.3,381,371.28,378.77
20090210,GOOG,357.89,377.5,375.98,358.51
20090211,GOOG,353,365,358.95,358.04
20090212,GOOG,351.48,363.62,353.16,363.05
20090213,GOOG,355.23,362.99,362.19,357.68
20090217,GOOG,339.69,347.09,346.51,342.66
20090218,GOOG,340.52,353.38,347.24,353.11
20090219,GOOG,341.41,359.8,357.47,342.64
20090220,GOOG,335,348.92,338.05,346.45
20090223,GOOG,329.55,349.8,347,330.06
20090224,GOOG,330.89,349.62,331.02,345.45
20090225,GOOG,338.92,352.3,342.15,341.64
20090226,GOOG,337.16,352.49,345.96,337.18
20090227,GOOG,331.11,343.82,332.95,337.99
20090302,GOOG,326,340.69,333.33,327.16
20090303,GOOG,322.35,333.69,330.07,325.48
20090304,GOOG,315.38,329,323.16,318.92
20090305,GOOG,302.64,319.08,316.48,305.64
20090306,GOOG,294.249,310.19,307.22,308.57
20090309,GOOG,289.45,306.57,299.98,290.89
20090310,GOOG,294.25,310.5,298.25,308.17
20090311,GOOG,305.71,320,310.1,317.91
20090312,GOOG,313.65,325,317.54,323.53
20090313,GOOG,319.03,327.46,326.1,324.42
20090316,GOOG,318.59,329.73,325.99,319.69
20090317,GOOG,319.09,335.34,320.18,335.34
20090318,GOOG,328.05,340,334.81,333.1
20090319,GOOG,327.38,336,331.68,329.94
20090320,GOOG,326.34,332.99,330.3,330.16
20090323,GOOG,333.03,349.45,333.56,348.601
20090324,GOOG,344,353.84,346.5,347.165
20090325,GOOG,336.25,351.34,350.4,344.07
20090326,GOOG,348.5,359.16,353.13,353.29
20090327,GOOG,345.47,351.9961,350,347.7
20090330,GOOG,336.055,343.81,342.548,342.69
20090331,GOOG,346.176,353.51,348.934,348.06
20090401,GOOG,340.61,355.24,343.78,354.09
20090402,GOOG,360.32,369.76,363.31,362.5
20090403,GOOG,358,371.72,364.5,369.78
20090406,GOOG,361.4021,369.82,367,368.24
20090407,GOOG,355.31,363.75,362.6,358.65
20090408,GOOG,356.21,365,363.5,362
20090409,GOOG,366.25,374.35,369.5,372.5
20090413,GOOG,370.3,379.1,371.33,378.11
20090414,GOOG,365.6,376.99,376.94,368.91
20090415,GOOG,364.16,381.06,367.1,379.5
20090416,GOOG,381.02,392.9,381.5,388.74
20090417,GOOG,384.81,399.82,386.02,392.24
20090420,GOOG,375.89,390.65,386.15,379.3
20090421,GOOG,376.1,384.3,376.17,381.47
20090422,GOOG,379.01,390,381.75,383.86
20090423,GOOG,381.11,389.75,387.51,384.69
20090424,GOOG,380.5,393.18,386.05,389.49
20090427,GOOG,382.75,389.49,384.34,385.95
20090428,GOOG,381.54,389.05,383.75,383.71
20090429,GOOG,385.83,394.97,385.97,391.47
20090430,GOOG,394.8,403.75,395.76,395.97
20090501,GOOG,391.55,397.59,395.03,393.69
20090504,GOOG,394.79,402.4,398.17,401.9793
20090505,GOOG,397.25,405,399.98,402.99
20090506,GOOG,401,408.28,406.79,403.47
20090507,GOOG,392.5,404.99,404.1,396.61
20090508,GOOG,395,410.1284,402.85,407.33
20090511,GOOG,401.2,412,402.8,407.98
20090512,GOOG,395.11,410.99,410.01,399.01
20090513,GOOG,388.35,396.39,394.09,389.54
20090514,GOOG,384.69,392.21,388.8,387.5
20090515,GOOG,389.0905,394.11,391.1,390
20090518,GOOG,385.4,397.31,394.73,396.84
20090519,GOOG,393,401.64,396.1,398.88
20090520,GOOG,395,405.67,402.09,397.18
20090521,GOOG,393.837,402.84,396.3,396.5
20090522,GOOG,392.0005,398.65,396.66,393.5
20090526,GOOG,390,405,391.9495,404.36
20090527,GOOG,404.81,411.8585,405.64,405.56
20090528,GOOG,404.61,411.62,408.68,410.4
20090529,GOOG,410.7,417.2329,412.11,417.23
20090601,GOOG,418.53,429.6,418.73,426.56
20090602,GOOG,423.4,429.96,426.25,428.4
20090603,GOOG,424,432.463,426,431.65
20090604,GOOG,434.5,441.24,435.3,440.28
20090605,GOOG,439.46,447.34,445.07,444.32
20090608,GOOG,434.12,440.92,439.5,438.77
20090609,GOOG,431.76,440.5,438.58,435.62
20090610,GOOG,426.67,437.89,436.23,432.6
20090611,GOOG,428.37,433.73,431.77,429
20090612,GOOG,421.21,427.7,426.86,424.84
20090615,GOOG,414,421.5,421.5,416.77
20090616,GOOG,415.42,421.09,419.31,416
20090617,GOOG,411.56,419.72,416.19,415.16
20090618,GOOG,413,418.69,415.68,414.06
20090619,GOOG,414.58,420.46,418.21,420.09
20090622,GOOG,401.8901,417.49,416.95,407.35
20090623,GOOG,402.55,408.99,406.65,405.68
20090624,GOOG,406.56,412.23,408.74,409.29
20090625,GOOG,406.51,415.9,407,415.77
20090626,GOOG,413.11,428.23,413.68,425.32
20090629,GOOG,422.24,427.8,426,424.14
20090630,GOOG,418.22,427.21,424,421.59
20090701,GOOG,418.15,426.4,424.2,418.99
20090702,GOOG,406.81,415.41,415.41,408.49
20090706,GOOG,401.66,410.64,406.5,409.61
20090707,GOOG,395.9801,409.19,409.61,396.63
20090708,GOOG,398.06,406,400,402.49
20090709,GOOG,405.8,414.45,406.12,410.39
20090710,GOOG,408.7,417.37,409.575,414.4
20090713,GOOG,415.18,424.52,416.174,424.3
20090714,GOOG,420.87,426.73,423.71,424.69
20090715,GOOG,428.49,438.68,429.66,438.17
20090716,GOOG,434.1,445.75,436.68,442.6
20090717,GOOG,426.7,435.48,433,430.25
20090720,GOOG,426.25,432.8495,429.88,430.17
20090721,GOOG,425.72,431.9,430.94,427.9
20090722,GOOG,423.5,430.2,428,427.69
20090723,GOOG,425.5,441.21,428.68,437.342
20090724,GOOG,435,450.49,435.81,446.72
20090727,GOOG,437.61,446.75,446.04,444.8
20090728,GOOG,436.1,442.81,441,439.85
20090729,GOOG,431.885,437.8,437.23,436.24
20090730,GOOG,442.61,451.47,442.61,445.64
20090731,GOOG,442.43,452.7,449.98,443.05
20090803,GOOG,447.64,453.9,448.74,452.21
20090804,GOOG,448.43,454,449.37,453.734
20090805,GOOG,447.88,456.91,456,451.14
20090806,GOOG,448.53,454.88,451.14,450.36
20090807,GOOG,454.99,459.42,455.67,457.1
20090810,GOOG,453.79,458.41,455.14,456.61
20090811,GOOG,452.378,457.23,453.67,453.936
20090812,GOOG,454.92,461.75,455.41,458.58
20090813,GOOG,458.91,464.72,462.15,462.28
20090814,GOOG,456.89,463.18,462.78,460
20090817,GOOG,443.1205,451.99,451.5,444.89
20090818,GOOG,442.32,447.7,445.1,445.28
20090819,GOOG,438.5605,445,439.99,443.97
20090820,GOOG,451.23,462.18,452,460.41
20090821,GOOG,462.65,466.09,465.54,465.24
20090824,GOOG,464.425,470.09,467.35,468.73
20090825,GOOG,468.72,474.35,469.13,471.37
20090826,GOOG,466.7,473,472.76,468
20090827,GOOG,460.73,468.58,468.58,466.06
20090828,GOOG,463.38,472.37,469.26,464.75
20090831,GOOG,458,461.86,459.79,461.67
20090901,GOOG,454.42,466.82,459.68,455.761
20090902,GOOG,452.59,458.33,455.82,453.01
20090903,GOOG,455,458.25,455.82,457.52
20090904,GOOG,455.78,462.6,457.57,461.3
20090908,GOOG,455.84,466.99,464.29,458.62
20090909,GOOG,458.8,466.27,459.06,463.97
20090910,GOOG,462,470.94,466.65,470.94
20090911,GOOG,467.63,473.3,470.4,472.14
20090914,GOOG,470.05,476.8,470.51,475.12
20090915,GOOG,472.71,478.91,475.08,477.54
20090916,GOOG,478.48,489.37,479.8,488.29
20090917,GOOG,487.15,497.37,490.57,491.72
20090918,GOOG,491.23,496.98,496.77,491.46
20090921,GOOG,486.22,498.9,487.74,497
20090922,GOOG,497.81,501.99,500.92,499.06
20090923,GOOG,497.71,507,500.78,498.46
20090924,GOOG,493,501.41,500.47,496.77
20090925,GOOG,492,499.93,494.29,492.48
20090928,GOOG,493.295,501.5,494.84,498.53
20090929,GOOG,493.01,499.75,499.53,498.53
20090930,GOOG,487.24,500.14,500,495.85
20091001,GOOG,487,496.47,493,487.2
20091002,GOOG,482.6,491.74,483.74,484.58
20091005,GOOG,483.34,492.43,487.65,488.52
20091006,GOOG,491.7001,499.37,491.7001,498.74
20091007,GOOG,497.81,518.99,499,517.54
20091008,GOOG,513.34,523.25,519.57,514.18
20091009,GOOG,514.5,521.51,516.65,516.25
20091012,GOOG,519.3201,525.76,523.42,524.04
20091013,GOOG,521.38,527.46,524.39,526.11
20091014,GOOG,530,535.58,532.46,535.32
20091015,GOOG,527.27,536.9,533.75,529.91
20091016,GOOG,544.53,554.75,547.33,549.85
20091019,GOOG,548.73,553.6,552.69,552.09
20091020,GOOG,540.7,552.95,551.64,551.72
20091021,GOOG,549,559.35,549.91,551.1
20091022,GOOG,548,555,550,554.09
20091023,GOOG,551.2,557.89,555.25,553.69
20091026,GOOG,550.89,561.64,555.75,554.21
20091027,GOOG,544.16,554.56,550.97,548.29
20091028,GOOG,538.25,550,547.87,540.3
20091029,GOOG,541,551.83,543.01,551.05
20091030,GOOG,534.24,550.17,550,536.12
20091102,GOOG,528.241,539.46,532.5,533.99
20091103,GOOG,528.3001,537.5,530.01,537.29
20091104,GOOG,536.42,545.5,537.29,540.33
20091105,GOOG,542.664,549.77,543.49,548.65
20091106,GOOG,545.5,551.78,547.72,551.1
20091109,GOOG,554.23,562.58,555.45,562.51
20091110,GOOG,562,568.78,562.73,566.76
20091111,GOOG,565.86,573.5,570.48,570.56
20091112,GOOG,565.5,572.9,569.56,567.85
20091113,GOOG,566.61,572.51,569.29,572.05
20091116,GOOG,572.78,576.99,575,576.28
20091117,GOOG,573.72,577.5,574.87,577.49
20091118,GOOG,572.07,578.78,576.65,576.65
20091119,GOOG,570,574,573.77,572.99
20091120,GOOG,569.4,571.6,569.5,569.964
20091123,GOOG,575.86,586.6,576.49,582.35
20091124,GOOG,576.54,584.29,582.5,583.09
20091125,GOOG,582.69,587.0599,586.4054,585.74
20091127,GOOG,570.97,582.46,572,579.76
20091130,GOOG,577.11,583.67,580.63,583
20091201,GOOG,583,591.22,588.13,589.87
20091202,GOOG,586.22,593.01,590.98,587.51
20091203,GOOG,585,591.45,589.04,585.74
20091204,GOOG,579.18,594.832,593.02,585.01
20091207,GOOG,581,588.69,584.23,586.25
20091208,GOOG,582,590.66,583.5,587.05
20091209,GOOG,583.58,589.33,587.5,589.02
20091210,GOOG,590.41,594.71,590.44,591.5
20091211,GOOG,587.73,594.75,594.68,590.51
20091214,GOOG,592.6101,597.31,595.24,595.73
20091215,GOOG,590.99,596.38,593.3,593.14
20091216,GOOG,596.64,600.37,598.91,597.76
20091217,GOOG,593.76,597.64,596.44,593.94
20091218,GOOG,595,598.93,596.03,596.42
20091221,GOOG,595.67,599.84,597.95,598.68
20091222,GOOG,598.85,601.5,601.34,601.12
20091223,GOOG,602.85,612.8698,603.5,611.68
20091224,GOOG,612.2705,619.52,612.93,618.48
20091228,GOOG,618.48,625.99,621.66,622.87
20091229,GOOG,618.29,624.8425,624.74,619.4
20091230,GOOG,618.01,622.73,618.5,622.73
20091231,GOOG,619.98,625.4,624.75,619.98
20100104,GOOG,624.24,629.51,626.95,626.75
20100105,GOOG,621.54,627.84,627.18,623.99
20100106,GOOG,606.36,625.86,625.86,608.26
20100107,GOOG,592.65,610,609.4,594.1
20100108,GOOG,589.11,603.25,592,602.02
20100111,GOOG,594.04,604.46,604.46,601.11
20100112,GOOG,588,598.16,598.08,590.48
20100113,GOOG,573.9,588.38,576.49,587.09
20100114,GOOG,582.81,594.2,583.9,589.85
20100115,GOOG,578.04,593.56,591.59,580
20100119,GOOG,576.29,590.42,581.49,587.62
20100120,GOOG,575.29,585.98,585.98,580.41
20100121,GOOG,572.251,586.8185,583.44,582.98
20100122,GOOG,534.86,570.6,564.5,550.01
20100125,GOOG,535.51,549.8775,546.59,540
20100126,GOOG,536.29,549.6,537.97,542.42
20100127,GOOG,535.31,547.65,541.27,542.1
20100128,GOOG,530.6,546.9999,544.49,534.29
20100129,GOOG,525.61,540.99,538.49,529.944
20100201,GOOG,530.3,535.81,534.602,533.02
20100202,GOOG,527.61,534.96,534.9554,531.12
20100203,GOOG,528.23,542.1,528.67,540.82
20100204,GOOG,525.56,538,537,526.778
20100205,GOOG,522.46,533.4985,528.4,531.29
20100208,GOOG,531.5301,542,532.5,533.47
20100209,GOOG,535.07,541.53,539.54,536.44
20100210,GOOG,527.69,537.79,534.07,534.445
20100211,GOOG,529.5,540.49,532.25,536.4
20100212,GOOG,530.5,537.15,532.97,533.12
20100216,GOOG,534.3,544.13,537.14,541.3
20100217,GOOG,537.61,543.4,542,538.207
20100218,GOOG,536.14,545.01,537.54,543.22
20100219,GOOG,539.7,544.03,541,540.763
20100222,GOOG,541,547.5,547.35,542.8
20100223,GOOG,532.29,543.63,543,535.07
20100224,GOOG,530.51,538.44,534.39,531.47
20100225,GOOG,520,528.4899,527.12,526.43
20100226,GOOG,523.48,531.75,527.42,526.8
20100301,GOOG,527.74,533.29,529.2,532.69
20100302,GOOG,535.01,545.66,535.48,541.06
20100303,GOOG,539.25,548.12,542.36,545.32
20100304,GOOG,546.2,556.13,546.5,554.59
20100305,GOOG,559.9,567.67,561.35,564.21
20100308,GOOG,561.01,565.18,564.78,562.48
20100309,GOOG,556.5,564.66,559.85,560.19
20100310,GOOG,562.21,578.5,563.76,576.45
20100311,GOOG,574.2,586.21,574.26,581.14
20100312,GOOG,579.16,588.275,588.14,579.54
20100315,GOOG,556,569.45,566.68,563.18
20100316,GOOG,560.76,568.42,561.83,565.2
20100317,GOOG,564.2501,571.4499,568.3,565.56
20100318,GOOG,562.96,568.44,564.72,566.4
20100319,GOOG,557.28,568,566.23,560
20100322,GOOG,554.28,566.85,556.11,557.5
20100323,GOOG,542,558.312,557.04,549
20100324,GOOG,539.7,559.8495,545.51,557.33
20100325,GOOG,558.66,572,559.015,562.88
20100326,GOOG,560.0201,567.39,565.27,562.69
20100329,GOOG,560.57,564.72,563,562.45
20100330,GOOG,560.28,567.63,562.83,566.71
20100331,GOOG,562.81,569.74,565.05,567.12
20100401,GOOG,565.55,573.45,571.35,568.8
20100405,GOOG,569,574.88,570.9,571.01
20100406,GOOG,565.4,570.89,569.46,568.22
20100407,GOOG,561.86,568.75,567.3,563.54
20100408,GOOG,560.05,569.8515,563.32,567.49
20100409,GOOG,564,568.77,568,566.22
20100412,GOOG,566.22,574,567.35,572.73
20100413,GOOG,571.13,588.88,572.53,586.77
20100414,GOOG,584.01,592.34,590.06,589
20100415,GOOG,588.287,597.84,592.17,595.3
20100416,GOOG,549.63,568.81,563,550.145
20100419,GOOG,545,553.99,548.75,550.1
20100420,GOOG,551.06,559.6565,554.17,555.04
20100421,GOOG,552.16,560.25,556.46,554.3
20100422,GOOG,543.35,552.5,552,547.06
20100423,GOOG,542.27,549.32,547.25,544.99
20100426,GOOG,529.21,544.99,544.97,531.64
20100427,GOOG,527.235,538.33,528.94,529.06
20100428,GOOG,521.03,534.83,532.1,529.19
20100429,GOOG,526.67,536.5,533.37,532
20100430,GOOG,525.44,537.68,531.13,525.695
20100503,GOOG,525.08,532.92,526.5,530.6
20100504,GOOG,504.21,526.74,526.52,506.37
20100505,GOOG,500.4701,515.72,500.98,509.76
20100506,GOOG,460,517.52,508.75,498.67
20100507,GOOG,481.33,505.32,499.97,493.14
20100510,GOOG,512.6,522.82,513.97,521.65
20100511,GOOG,508.22,519.88,515.67,509.05
20100512,GOOG,502,512.04,512.04,505.39
20100513,GOOG,510.37,522,516.5,510.88
20100514,GOOG,496.25,510.99,509.77,507.53
20100517,GOOG,498.35,508.3608,506.78,507.97
20100518,GOOG,497.07,510.97,510,498.37
20100519,GOOG,487.74,499.44,496.26,494.43
20100520,GOOG,473.8015,485.58,485.07,475.01
20100521,GOOG,464.4,485,469.06,472.05
20100524,GOOG,476.8,489.79,480.73,477.16
20100525,GOOG,464.01,477.45,468.155,477.07
20100526,GOOG,475,489.76,482.07,475.47
20100527,GOOG,481.05,492.31,484.86,490.46
20100528,GOOG,483,493.45,492.74,485.63
20100601,GOOG,480.12,491.06,480.43,482.37
20100602,GOOG,481.46,493.8699,486.68,493.37
20100603,GOOG,494.7,508,495.11,505.6
20100604,GOOG,496.7,509.25,499.72,498.72
20100607,GOOG,483.15,500.9099,499.06,485.52
20100608,GOOG,477.54,488.84,487.85,484.78
20100609,GOOG,472,488.88,487.22,474.02
20100610,GOOG,475.84,488.5,480.37,487.01
20100611,GOOG,481.62,488.71,482.5,488.5
20100614,GOOG,483.19,494.5,494.48,483.19
20100615,GOOG,482.18,500.4,483.08,497.99
20100616,GOOG,496.11,504,496.17,501.27
20100617,GOOG,496.69,505.87,503.45,500.08
20100618,GOOG,498.13,503.47,502.51,500.03
20100621,GOOG,484.89,500.967,499.9,488.56
20100622,GOOG,485.73,496.6,489.9,486.25
20100623,GOOG,478.16,486.89,486.89,482.05
20100624,GOOG,473.261,482.75,479.66,475.1
20100625,GOOG,470.56,477.646,477.06,472.68
20100628,GOOG,469.01,477.55,472.59,472.08
20100629,GOOG,451.12,464.55,463.44,454.26
20100630,GOOG,444.72,457.83,454.96,444.95
20100701,GOOG,433.63,448.4,445.29,439.49
20100702,GOOG,436,442.2842,441.62,436.55
20100706,GOOG,433.63,447.6699,444,436.07
20100707,GOOG,435.38,451.29,438.31,450.2
20100708,GOOG,449.66,457.33,453.55,456.56
20100709,GOOG,462.78,473.26,471.96,467.49
20100712,GOOG,471.08,479.44,472.37,475.83
20100713,GOOG,480.28,492.99,482.25,489.2
20100714,GOOG,486.46,493.83,489.88,491.336
20100715,GOOG,482.68,494.7,491.73,494.02
20100716,GOOG,459.52,470.56,469.12,459.605
20100719,GOOG,457.52,469.65,461.01,466.18
20100720,GOOG,460.6,482.99,461.03,481.59
20100721,GOOG,475.4301,485.7,484,477.5
20100722,GOOG,482.48,488.98,483.23,484.81
20100723,GOOG,480.01,490.59,480.77,490.06
20100726,GOOG,484.88,490.749,489.09,488.97
20100727,GOOG,490.17,497.5,490.575,492.63
20100728,GOOG,482.67,495.25,494.94,484.35
20100729,GOOG,479.33,488.88,485.95,484.99
20100730,GOOG,479.14,487.36,479.65,484.85
20100802,GOOG,486.94,493.28,488.99,490.41
20100803,GOOG,486.76,492.46,490.5,489.83
20100804,GOOG,491.05,507,492.18,506.32
20100805,GOOG,503.559,508.6,505.89,508.1
20100806,GOOG,496.05,505.74,505.4,500.22
20100809,GOOG,501.3632,505.5,502.25,505.35
20100810,GOOG,498.57,506,502.35,503.71
20100811,GOOG,491.5,498,497.73,491.74
20100812,GOOG,482.51,494.75,483.94,492.01
20100813,GOOG,486.01,491.19,489,486.35
20100816,GOOG,480.5019,489.87,483.68,485.59
20100817,GOOG,486.03,494.7,488.53,490.52
20100818,GOOG,481.55,490.87,490.44,482.15
20100819,GOOG,467.25,482.51,481.01,467.97
20100820,GOOG,461.0201,471.59,467.97,462.02
20100823,GOOG,457.73,468.25,461.5,464.07
20100824,GOOG,450.92,458.37,457.7,451.39
20100825,GOOG,450,457.81,450,454.62
20100826,GOOG,450.44,457.26,456.06,450.98
20100827,GOOG,447.65,459.99,452.56,458.83
20100830,GOOG,452.421,459.76,459.15,452.69
20100831,GOOG,448,454.87,450.11,450.02
20100901,GOOG,452.5,464.94,454.98,460.335
20100902,GOOG,460.31,464.43,462.84,463.18
20100903,GOOG,467.44,471.88,470.52,470.3
20100907,GOOG,463.02,467.59,464.5,464.4
20100908,GOOG,464.51,472.4997,465.19,470.58
20100909,GOOG,470.58,480.4,477.83,476.18
20100910,GOOG,475.0801,479.79,479.02,476.14
20100913,GOOG,479.53,484.35,480.9,482.27
20100914,GOOG,480.08,484.75,482.01,480.43
20100915,GOOG,478.5,481.89,479.95,480.64
20100916,GOOG,479.41,482.45,479.95,481.06
20100917,GOOG,481.18,491.2,483.75,490.15
20100920,GOOG,492.06,510.41,492.5,508.28
20100921,GOOG,508.91,519.98,509.68,513.46
20100922,GOOG,511.68,517.78,512.86,516
20100923,GOOG,511.3,519.6885,514.61,513.48
20100924,GOOG,518.26,527.829,521.74,527.29
20100927,GOOG,528.8478,536.849,528.8481,530.41
20100928,GOOG,518.45,533.59,533.48,527.17
20100929,GOOG,524.711,532.9385,527.85,527.69
20100930,GOOG,518.92,531.869,529.16,525.79
20101001,GOOG,523,530.62,530,525.62
20101004,GOOG,518.8501,528.25,524.95,522.35
20101005,GOOG,526.55,540,528.38,538.23
20101006,GOOG,529.941,539.9499,539.26,534.35
20101007,GOOG,529.14,537.2,536.21,530.01
20101008,GOOG,527.62,537.605,532.77,536.35
20101011,GOOG,537.17,544.6,538.48,538.84
20101012,GOOG,537.79,545.9899,540.12,541.39
20101013,GOOG,542.33,547.493,547,543.3
20101014,GOOG,537.11,545.25,544.18,540.93
20101015,GOOG,591.6,601.64,599.27,601.45
20101018,GOOG,600.55,619.69,600.55,617.71
20101019,GOOG,602.86,614.82,608.85,607.83
20101020,GOOG,607.5,617.38,608.14,607.98
20101021,GOOG,606,616,611.51,611.99
20101022,GOOG,610.05,614.82,611.92,612.53
20101025,GOOG,614.97,624.74,615.5878,616.5
20101026,GOOG,611.03,621.23,613.1,618.6
20101027,GOOG,612.33,620,615.77,616.47
20101028,GOOG,613.3,621,620.05,618.58
20101029,GOOG,612.99,619,617.07,613.7
20101101,GOOG,611.21,620.66,615.73,615
20101102,GOOG,614.58,620,618.67,615.6
20101103,GOOG,613.5021,621.83,617.5,620.18
20101104,GOOG,622.1,629.92,624.64,624.27
20101105,GOOG,621.11,625.49,623.18,625.08
20101108,GOOG,623.13,629.49,624.02,626.77
20101109,GOOG,620.511,630.85,630,624.82
20101110,GOOG,617.51,623,622.08,622.88
20101111,GOOG,614.21,619.85,619.7,617.19
20101112,GOOG,601.2093,616.9,613.99,603.29
20101115,GOOG,594.05,604,603.08,595.47
20101116,GOOG,583.45,597.89,592.76,583.72
20101117,GOOG,581.369,589.5,585,583.55
20101118,GOOG,588.56,599.98,589,596.56
20101119,GOOG,590.34,597.89,597,590.83
20101122,GOOG,582.75,593.44,587.47,591.22
20101123,GOOG,578.2,589.01,587.01,583.01
20101124,GOOG,587.05,596.6,587.31,594.97
20101126,GOOG,587,592.98,590.46,590
20101129,GOOG,579.95,589.8,589.17,582.11
20101130,GOOG,553.31,574.32,574.32,555.71
20101201,GOOG,562.4,571.57,563,564.35
20101202,GOOG,565.3501,573.33,568.6618,571.82
20101203,GOOG,568,576.48,569.45,573
20101206,GOOG,576.61,582,580.57,578.36
20101207,GOOG,586,593,591.27,587.14
20101208,GOOG,583.69,592.52,591.97,590.54
20101209,GOOG,589,595.58,593.88,591.5
20101210,GOOG,590.29,593.99,593.14,592.21
20101213,GOOG,594.09,603,597.12,594.62
20101214,GOOG,592.48,598.29,597.09,594.91
20101215,GOOG,589.1501,596.45,594.2,590.3
20101216,GOOG,588.07,593.77,592.85,591.71
20101217,GOOG,587.67,592.56,591,590.8
20101220,GOOG,588.6565,597.8799,594.65,595.06
20101221,GOOG,597.615,604.7199,598.57,603.07
20101222,GOOG,603.28,607,604,605.49
20101223,GOOG,602.03,606,605.34,604.23
20101227,GOOG,599.5,603.78,602.74,602.38
20101228,GOOG,598.01,603.87,602.05,598.92
20101229,GOOG,598.92,602.41,602,601
20101230,GOOG,597.3901,601.334,598,598.86
20101231,GOOG,592.03,598.42,596.74,593.97
20110103,GOOG,596.48,605.59,596.48,604.35
20110104,GOOG,600.12,606.18,605.62,602.12
20110105,GOOG,600.05,610.33,600.07,609.07
20110106,GOOG,610.05,618.43,610.68,613.5
20110107,GOOG,610.13,618.25,615.91,616.44
20110110,GOOG,608.56,615.39,614.8,614.21
20110111,GOOG,614.5,618.8,617.71,616.01
20110112,GOOG,614.77,619.35,619.35,616.87
20110113,GOOG,614.16,619.67,616.97,616.69
20110114,GOOG,617.08,624.27,617.4,624.18
20110118,GOOG,625.27,641.99,626.06,639.63
20110119,GOOG,629.66,642.96,642.12,631.75
20110120,GOOG,623.29,634.08,632.21,626.77
20110121,GOOG,611.36,641.73,639.58,611.83
20110124,GOOG,601.23,612.49,607.57,611.08
20110125,GOOG,606.52,620.69,608.2,619.91
20110126,GOOG,615.28,622.49,620.33,616.5
20110127,GOOG,613.2519,619.7,617.89,616.79
20110128,GOOG,599.76,620.36,619.07,600.99
20110131,GOOG,595.55,604.47,603.6,600.36
20110201,GOOG,603.111,613.355,604.49,611.04
20110202,GOOG,607.53,614.34,611,612
20110203,GOOG,606.13,611.45,609.48,610.15
20110204,GOOG,606.61,611.442,610.15,610.98
20110207,GOOG,609.21,618.39,610.16,614.295
20110208,GOOG,614.5123,619.6289,614.93,618.38
20110209,GOOG,612.34,619.45,616.87,616.5
20110210,GOOG,611.56,617.5,613.9,616.44
20110211,GOOG,613,625,613.79,624.5
20110214,GOOG,620.04,629.639,623.34,628.15
20110215,GOOG,623.1,630.09,627.32,624.15
20110216,GOOG,622.1,626.5,625.63,624.22
20110217,GOOG,620.28,627.25,621.25,625.26
20110218,GOOG,624.18,631.18,626,630.08
20110222,GOOG,607.77,624.93,620.03,610.21
20110223,GOOG,604,614.7,610.33,611.32
20110224,GOOG,601.35,613.09,611.39,608.82
20110225,GOOG,609.5,614.72,611.86,610.04
20110228,GOOG,608.01,616.49,610,613.4
20110301,GOOG,599.3035,619.22,617.78,600.76
20110302,GOOG,595.19,606,599.8,600.79
20110303,GOOG,605,611.49,606.38,609.56
20110304,GOOG,600.2,608.98,608.33,600.62
20110307,GOOG,587,603.69,600.55,591.66
20110308,GOOG,590.2,597.98,592.93,592.31
20110309,GOOG,585.751,594.51,591,591.77
20110310,GOOG,579.45,586.62,585.44,580.3
20110311,GOOG,573.33,580,578.22,576.71
20110314,GOOG,568.02,578.29,572.8,569.99
20110315,GOOG,555.5,571,557.5,569.56
20110316,GOOG,551.2801,569.79,568.01,557.1
20110317,GOOG,560.54,569,564.48,561.36
20110318,GOOG,559.74,567.99,564.64,561.06
20110321,GOOG,569.02,579.8,570.22,576.5
20110322,GOOG,572.51,579.23,577.27,577.32
20110323,GOOG,572,582.45,575.19,582.16
20110324,GOOG,578.8,588.39,585.43,586.89
20110325,GOOG,579.24,586.91,586.88,579.74
20110328,GOOG,574.71,584.99,582.07,575.36
20110329,GOOG,573.01,581.89,576,581.73
20110330,GOOG,580.5819,585.5,584.38,581.84
20110331,GOOG,581.74,588.1612,583,586.76
20110401,GOOG,588.76,595.19,588.76,591.8
20110404,GOOG,583.1,594.74,593,587.68
20110405,GOOG,565.68,581.49,581.08,569.09
20110406,GOOG,568,575.16,572.18,574.18
20110407,GOOG,574.19,580.64,575.73,580
20110408,GOOG,578.06,584.89,584.8864,578.16
20110411,GOOG,573,578.1,576.2,577.37
20110412,GOOG,568.05,576.915,575,570.61
20110413,GOOG,571.75,577.6,575.51,576.28
20110414,GOOG,572.1,579.45,575.19,578.51
20110415,GOOG,530.06,545.75,545.29,530.7
20110418,GOOG,519,527.664,526.42,526.84
20110419,GOOG,520.9,530.88,529.95,521.53
20110420,GOOG,521.39,526.82,525.9,525.73
20110421,GOOG,522.39,528.28,527.49,525.1
20110425,GOOG,522.01,527,525.25,525.05
20110426,GOOG,525.21,537.4399,526.52,532.82
20110427,GOOG,534.35,538.11,538,537.76
20110428,GOOG,534.08,539.248,538.06,537.97
20110429,GOOG,538.51,544.1,540,544.1
20110502,GOOG,537.12,545.73,545.7,538.56
20110503,GOOG,529.63,542.01,537.13,533.89
20110504,GOOG,533.02,539,535.17,535.79
20110505,GOOG,531.5,539.4212,533.86,534.27
20110506,GOOG,535.18,541.46,538.15,535.3
20110509,GOOG,531.1,538.49,535,537.68
20110510,GOOG,537.54,544.43,540,542.66
20110511,GOOG,533.69,543.5471,540.14,535.45
20110512,GOOG,530.91,536.94,535.24,535.05
20110513,GOOG,529.05,535.92,534.61,529.55
20110516,GOOG,516.4,527.27,526.31,518.42
20110517,GOOG,515.03,531.22,515.43,530.46
20110518,GOOG,525.7,530.33,529.54,529.81
20110519,GOOG,529.72,536.54,532.73,531.25
20110520,GOOG,523.13,531.99,531.8,524.03
20110523,GOOG,513.4,520,516.6,518.39
20110524,GOOG,518.15,523.962,520.37,518.26
20110525,GOOG,517.25,522.77,517.33,519.67
20110526,GOOG,515,522.12,517.7,518.13
20110527,GOOG,516.3,521.79,518.48,520.9
20110531,GOOG,523.5,529.05,525,529.02
20110601,GOOG,525.31,533.1999,528.04,525.6
20110602,GOOG,522.48,530.3,527.57,528.06
20110603,GOOG,521.5,527.6,522,523.08
20110606,GOOG,519.25,526.8182,523.54,521.06
20110607,GOOG,518.99,524.63,522.89,519.03
20110608,GOOG,515.78,521.24,516.53,519.17
20110609,GOOG,515.64,520,520,516.73
20110610,GOOG,509.29,516.69,514.08,509.505
20110613,GOOG,502.17,510.2,510,504.73
20110614,GOOG,506.99,514.08,508.15,508.37
20110615,GOOG,500.61,508.35,505.03,502.95
20110616,GOOG,496.67,506.57,502.81,500.37
20110617,GOOG,484.8,506.69,506.18,485.02
20110620,GOOG,479.23,486.23,485,484.58
20110621,GOOG,484.734,493.94,487.19,493
20110622,GOOG,486.73,492.35,491.45,487.005
20110623,GOOG,473.73,482.86,482.13,480.22
20110624,GOOG,473.02,480.75,480.68,474.88
20110627,GOOG,473.6,488.4,474,482.8
20110628,GOOG,484.02,496.2075,484.02,493.65
20110629,GOOG,492.38,500.25,496.54,497.57
20110630,GOOG,501.5,506.67,501.99,506.38
20110701,GOOG,506.38,521.18,506.74,521.028
20110705,GOOG,525.3,535.4,525.3,532.44
20110706,GOOG,533.04,538.51,533.5,535.36
20110707,GOOG,535.88,550.68,541,546.6
20110708,GOOG,527.27,537.65,532.95,531.99
20110711,GOOG,525.5,535.98,528.18,527.28
20110712,GOOG,526,539.42,528.16,534.01
20110713,GOOG,536.484,544,537,538.26
20110714,GOOG,526.73,542,539.12,528.94
20110715,GOOG,588.1601,600.25,597.5,597.62
20110718,GOOG,592,602.05,592.49,594.94
20110719,GOOG,595.53,604.68,596.14,602.55
20110720,GOOG,595.35,602.83,602.18,595.35
20110721,GOOG,594.01,608.06,594.03,606.99
20110722,GOOG,604.27,619.5,605.39,618.23
20110725,GOOG,613,625.4092,613.36,618.98
20110726,GOOG,617.218,627.4992,618.05,622.52
20110727,GOOG,604.75,620.95,617.18,607.22
20110728,GOOG,603,615.98,605.19,610.94
20110729,GOOG,603.69,614.96,604.23,603.69
20110801,GOOG,599.18,615.5,611.22,606.77
20110802,GOOG,591.57,609.67,606,592.4
20110803,GOOG,583.626,603,594.27,601.17
20110804,GOOG,577.47,598.85,594.5,577.52
20110805,GOOG,562,590,582.545,579.04
20110808,GOOG,544.35,569,562.98,546.02
20110809,GOOG,541.01,574.61,561,573.41
20110810,GOOG,547.73,564.12,561.38,549.01
20110811,GOOG,548.41,568.5,553.82,562.13
20110812,GOOG,560.4,570.5,569.5,563.77
20110815,GOOG,546.05,564.99,553.43,557.23
20110816,GOOG,530.3,552.44,552.43,539
20110817,GOOG,530.77,543.69,540.03,533.15
20110818,GOOG,500.49,524.89,523.47,504.88
20110819,GOOG,490.86,514.87,499.34,490.92
20110822,GOOG,494.53,507,504,498.17
20110823,GOOG,499.058,521.41,503.5,518.82
20110824,GOOG,517.23,530,519.33,523.29
20110825,GOOG,518.3,537.27,530.38,520.04
20110826,GOOG,513.14,530.454,519.99,526.86
20110829,GOOG,533.562,539.45,534.56,539.08
20110830,GOOG,530.81,542.99,538.19,540.7
20110831,GOOG,536,546.3,544.74,540.96
20110901,GOOG,531.216,543.83,540.75,532.5
20110902,GOOG,520.73,527.9197,524.47,524.84
20110906,GOOG,510.5,522.76,510.8,522.18
20110907,GOOG,527.4,535.939,530.45,534.03
20110908,GOOG,531.9,539.1,533.8,534.96
20110909,GOOG,521.19,534.65,531.4,524.85
20110912,GOOG,517.5,531.99,517.96,530.12
20110913,GOOG,523.4,533.88,532,529.52
20110914,GOOG,525.82,536.95,532.59,532.07
20110915,GOOG,534.56,544.98,535.5,542.56
20110916,GOOG,543.14,546.84,544.8,546.68
20110919,GOOG,535.38,549.9,540.35,546.67
20110920,GOOG,542.67,558.52,549.4,546.625
20110921,GOOG,538.86,555,547.69,539.2
20110922,GOOG,514,528.777,526.25,520.66
20110923,GOOG,514.5,526.42,516.56,525.51
20110926,GOOG,513.25,532.93,527.25,531.89
20110927,GOOG,536.05,547.05,538.2,539.34
20110928,GOOG,527.7,544.02,541.5,528.84
20110929,GOOG,519.41,537.3,536.04,527.5
20110930,GOOG,514.38,524,520.21,515.04
20111003,GOOG,495,512,509.85,495.52
20111004,GOOG,480.596,503.44,490.03,501.9
20111005,GOOG,480.77,507.8,496.35,504.7
20111006,GOOG,502.6,515.23,507.5,514.71
20111007,GOOG,510.3,520.5,516.83,515.12
20111010,GOOG,523.2,537.47,525.18,537.17
20111011,GOOG,533.46,546.8,533.46,543.18
20111012,GOOG,544.63,555.23,548.13,548.5
20111013,GOOG,548.02,559,550.03,558.99
20111014,GOOG,587.57,599.6,599.47,591.68
20111017,GOOG,578,591.83,583.72,582.41
20111018,GOOG,577.4,592.56,580.19,590.51
20111019,GOOG,579.22,592.06,587.34,580.7
20111020,GOOG,579.51,588.89,581.9,583.67
20111021,GOOG,586.7,592.75,589.51,590.49
20111024,GOOG,586.5,599.97,586.72,596.42
20111025,GOOG,582.85,595,593.1,583.16
20111026,GOOG,572.86,590.18,589.55,586.31
20111027,GOOG,593.3,602.7,598.42,598.67
20111028,GOOG,594.25,602.3,594.52,600.14
20111031,GOOG,591.67,599.69,595.09,592.64
20111101,GOOG,576.75,585.51,580.1,578.65
20111102,GOOG,580.48,587.96,584.9,584.82
20111103,GOOG,583.72,597.5,587,597.5
20111104,GOOG,592.43,599.74,593.5,596.14
20111107,GOOG,592.23,608.78,593.32,608.33
20111108,GOOG,603.6,614.37,609,612.34
20111109,GOOG,598.66,609.39,604.26,600.95
20111110,GOOG,591.56,605.9473,605.935,595.08
20111111,GOOG,598.6,612.09,601.3,608.35
20111114,GOOG,607.78,618.08,608,613
20111115,GOOG,610.5,618.08,612.8,616.56
20111116,GOOG,610.61,618.3,612.08,611.47
20111117,GOOG,596.78,612.29,610.05,600.87
20111118,GOOG,593.75,604.5,602,594.88
20111121,GOOG,572.09,588.5,587.76,580.94
20111122,GOOG,575.24,584.97,580,580
20111123,GOOG,570.11,580.25,575.35,570.11
20111125,GOOG,561.33,574.27,565.19,563
20111128,GOOG,576.5,588.82,579.37,588.19
20111129,GOOG,581.33,590.36,587.88,582.93
20111130,GOOG,592.09,599.51,597.95,599.39
20111201,GOOG,599,616,600,613.77
20111202,GOOG,616.26,624,617.05,620.36
20111205,GOOG,622.4,631.9,627.64,625.65
20111206,GOOG,620.24,628.62,622.99,623.77
20111207,GOOG,618.1,625.66,621.68,623.39
20111208,GOOG,615.3,627.45,621.04,616.05
20111209,GOOG,617.01,629.13,618,627.42
20111212,GOOG,620.29,626.18,621.88,625.39
20111213,GOOG,622.85,636.5599,628.76,625.63
20111214,GOOG,612.49,624.32,621.848,618.07
20111215,GOOG,618.69,624,622.52,619.54
20111216,GOOG,621.47,629.32,624.32,625.96
20111219,GOOG,620,628.5,628.01,621.83
20111220,GOOG,627.99,631.84,628,630.37
20111221,GOOG,618.96,631.82,630.01,625.82
20111222,GOOG,627.01,631.73,627.95,629.7
20111223,GOOG,630.56,634.68,632,633.14
20111227,GOOG,632,644.49,632.05,640.25
20111228,GOOG,638.1,645,642.75,639.7
20111229,GOOG,635.2,643,641.49,642.4
20111230,GOOG,642.02,646.76,642.02,645.9
20120103,GOOG,652.37,668.15,652.94,665.41
20120104,GOOG,660.62,670.25,665.03,668.28
20120105,GOOG,656.23,663.97,662.13,659.01
20120106,GOOG,649.79,660,659.15,650.02
20120109,GOOG,621.23,647,646.5,622.46
20120110,GOOG,616.91,633.8,629.75,623.14
20120111,GOOG,621.124,629.39,623.5,625.96
20120112,GOOG,626.5,632.89,631.22,629.64
20120113,GOOG,621.06,626.95,626.26,624.99
20120117,GOOG,625.68,631.98,631.98,628.58
20120118,GOOG,622.12,634,626.63,632.91
20120119,GOOG,631.46,640.99,640.99,639.57
20120120,GOOG,581.7,591,590.53,585.99
20120123,GOOG,583.16,588.66,586,585.52
20120124,GOOG,578,587.68,586.32,580.93
20120125,GOOG,566.38,578.71,577.51,569.49
20120126,GOOG,564.55,574.48,571.98,568.1
20120127,GOOG,569.33,580.32,570.78,579.98
20120130,GOOG,573.4,580,578.05,577.69
20120131,GOOG,575.15,584,583,580.11
20120201,GOOG,579.14,585.5,584.94,580.83
20120202,GOOG,582.08,586.41,584.87,585.11
20120203,GOOG,588.05,597.07,590.66,596.33
20120206,GOOG,594.01,610.83,595.01,609.09
20120207,GOOG,603.7622,609.39,607.15,606.77
20120208,GOOG,604.7417,611.35,608.64,609.85
20120209,GOOG,609,614.5,612.02,611.46
20120210,GOOG,604,608.13,607.88,605.91
20120213,GOOG,610.02,613.8385,610.5,612.2
20120214,GOOG,604.76,612,611.54,609.76
20120215,GOOG,602.56,612.93,612.93,605.56
20120216,GOOG,597.73,608.81,602.82,606.52
20120217,GOOG,602.4,607.63,604.97,604.64
20120221,GOOG,602.88,617.88,603.87,614
20120222,GOOG,606.71,616.78,611.96,607.94
20120223,GOOG,600.35,607.94,607,606.11
20120224,GOOG,605.51,611.65,607.35,609.9
20120227,GOOG,605.06,612.36,606.59,609.31
20120228,GOOG,607.68,619.77,610,618.39
20120229,GOOG,615.5,625.6,618.6,618.25
20120301,GOOG,618.15,625.7,622.26,622.4
20120302,GOOG,620.32,624,622,621.25
20120305,GOOG,611.38,622.49,620.43,614.25
20120306,GOOG,593.84,608.81,608.05,604.96
20120307,GOOG,605.86,611.1878,609.05,606.8
20120308,GOOG,606.35,611.5,610.04,607.14
20120309,GOOG,600,611.9,607.95,600.25
20120312,GOOG,599.26,607,600,605.15
20120313,GOOG,605.552,617.85,608.75,617.78
20120314,GOOG,613.46,622.78,615,615.99
20120315,GOOG,614.83,623.5,616.6,621.13
20120316,GOOG,620.05,625.908,620.89,625.04
20120319,GOOG,621.241,637.27,623.12,633.98
20120320,GOOG,627.27,636.06,630.92,633.49
20120321,GOOG,632.51,647.39,634.61,639.98
20120322,GOOG,631,648.8,638.5,646.05
20120323,GOOG,640.9,648.5,646.6,642.59
20120326,GOOG,639.54,649.49,645,649.33
20120327,GOOG,644.8,653.5,647.03,647.02
20120328,GOOG,651.08,658.589,652.03,655.76
20120329,GOOG,644.3,656.59,653.44,648.41
20120330,GOOG,641,653.49,651.75,641.24
20120402,GOOG,634.84,647.5,640.77,646.92
20120403,GOOG,638.64,647.95,645.41,642.62
20120404,GOOG,631.1,639,638.45,635.15
20120405,GOOG,628.57,636.43,632.24,632.32
20120409,GOOG,625.29,635.33,628.48,630.84
20120410,GOOG,624.55,634.5,633.52,626.86
20120411,GOOG,631.3,636,633.97,635.96
20120412,GOOG,640.26,653.14,642.35,651.01
20120413,GOOG,623.54,648.99,647.55,624.6
20120416,GOOG,601.66,623.81,623,606.07
20120417,GOOG,607.01,617.69,608.56,609.57
20120418,GOOG,602.81,612.8,608.05,607.45
20120419,GOOG,599,616.26,605.69,599.3
20120420,GOOG,595.83,608.85,604.25,596.06
20120423,GOOG,590.2,598.45,592.9,597.6
20120424,GOOG,597.32,606.63,598.24,601.27
20120425,GOOG,602.88,611.35,604,609.72
20120426,GOOG,609.7,618,610.91,615.47
20120427,GOOG,610.6,616.74,615.02,614.98
20120430,GOOG,600.61,616.082,612.99,604.85
20120501,GOOG,600.19,611.6,603.79,604.43
20120502,GOOG,600.61,608.11,601.2,607.26
20120503,GOOG,608.95,614.83,609.62,611.02
20120504,GOOG,596.81,607.8885,605.92,596.97
20120507,GOOG,595,610.57,595,607.55
20120508,GOOG,600.7,616.9,605.53,612.79
20120509,GOOG,601.81,616.38,606.82,609.15
20120510,GOOG,610.23,616.19,612.96,613.66
20120511,GOOG,604.77,614.55,610.35,605.23
20120514,GOOG,600.58,608.5,600.78,604
20120515,GOOG,603.75,615,605.35,611.11
20120516,GOOG,615.94,630.1,617.96,628.93
20120517,GOOG,621.23,637.85,633.83,623.05
20120518,GOOG,596.7,632.42,625.1,600.4
20120521,GOOG,600,615.694,600.51,614.11
20120522,GOOG,596,613.81,613.44,600.8
20120523,GOOG,597.12,609.6,601.65,609.46
20120524,GOOG,598.868,611.92,609.16,603.66
20120525,GOOG,588.28,601.73,601,591.53
20120529,GOOG,588.32,599.13,595.81,594.34
20120530,GOOG,583.53,591.9,588.16,588.23
20120531,GOOG,579,590,588.72,580.86
20120601,GOOG,568.35,572.65,571.79,570.98
20120604,GOOG,570.01,580.49,570.22,578.59
20120605,GOOG,566.47,578.13,575.45,570.41
20120606,GOOG,573.61,581.97,576.48,580.57
20120607,GOOG,577.25,587.89,587.6,578.23
20120608,GOOG,574.58,581,575.85,580.45
20120611,GOOG,566.69,585.3175,584.21,568.5
20120612,GOOG,558.58,570.3,569.77,565.1
20120613,GOOG,558.68,567,561.72,561.09
20120614,GOOG,556.5201,565.07,561.3,559.05
20120615,GOOG,557.09,564.52,560.34,564.51
20120618,GOOG,559.25,574.21,562.62,570.85
20120619,GOOG,573.1201,584.28,573.59,581.53
20120620,GOOG,573.51,580,579.81,577.51
20120621,GOOG,563.73,579.84,579.84,565.21
20120622,GOOG,565.82,571.48,568,571.48
20120625,GOOG,557.35,568.0925,567.33,560.7
20120626,GOOG,559.48,566.6,562.76,564.68
20120627,GOOG,566.02,573.988,567.7,569.3
20120628,GOOG,557.21,566.23,565.9,564.31
20120629,GOOG,572.2,580.13,574.96,580.07
20120702,GOOG,576.5,582.9998,581.82,580.47
20120703,GOOG,578,588.41,580.01,587.83
20120705,GOOG,588.54,600.06,588.76,595.92
20120706,GOOG,582.82,593.52,592.45,585.98
20120709,GOOG,581.25,588.6,584.95,586.01
20120710,GOOG,578.74,592.43,590.19,581.7
20120711,GOOG,564.94,577.85,576.3,571.19
20120712,GOOG,562.09,571.93,567.12,570.48
20120713,GOOG,568.55,579.1482,572.15,576.52
20120716,GOOG,571.7808,579.19,576.37,574.92
20120717,GOOG,568.4,580.67,578.43,576.73
20120718,GOOG,576.13,583.69,576.98,580.76
20120719,GOOG,586,598.48,586.14,593.06
20120720,GOOG,598.18,612.94,608.76,610.82
20120723,GOOG,598.25,618.35,600.48,615.51
20120724,GOOG,604.34,617.93,615,607.57
20120725,GOOG,605.37,613.38,608.32,607.99
20120726,GOOG,610.03,616.87,615,613.36
20120727,GOOG,617.5,635,618.89,634.96
20120730,GOOG,629.5,642.6,636.05,632.3
20120731,GOOG,628.22,636.5,628.26,632.97
20120801,GOOG,631.38,639.5084,637.3,632.68
20120802,GOOG,623.41,638.03,625.51,628.75
20120803,GOOG,636.14,643.72,640,641.33
20120806,GOOG,639.22,649.38,639.61,642.82
20120807,GOOG,636.47,644.26,641.79,640.54
20120808,GOOG,638.5,645.87,639.05,642.23
20120809,GOOG,641.5202,646.37,644.51,642.35
20120810,GOOG,636.13,642.24,638.59,642
20120813,GOOG,646.68,660.15,647.42,660.01
20120814,GOOG,659,672.85,659.25,668.66
20120815,GOOG,664.1,674.25,670.28,667.54
20120816,GOOG,667.08,674.64,667.51,672.87
20120817,GOOG,671.7,677.25,674.12,677.14
20120820,GOOG,672.66,678.87,675.5,675.54
20120821,GOOG,662.168,678,673.11,669.51
20120822,GOOG,666.698,680.6,667.38,677.18
20120823,GOOG,671,680.48,674.27,676.8
20120824,GOOG,674.08,680.45,675.6,678.63
20120827,GOOG,659.24,672,662.99,669.22
20120828,GOOG,664.74,677.62,665,677.25
20120829,GOOG,676.15,688.99,677.37,688.01
20120830,GOOG,680.18,687.39,684.24,681.68
20120831,GOOG,680.04,688.58,684,685.09
20120904,GOOG,673.5,685,684.55,681.04
20120905,GOOG,679.14,686.5,680,680.72
20120906,GOOG,684.7302,699.89,685.96,699.4
20120907,GOOG,697.67,712.25,700,706.15
20120910,GOOG,698.39,712.81,709.76,700.77
20120911,GOOG,691,700.65,697.96,692.19
20120912,GOOG,680.88,694.909,689.41,690.88
20120913,GOOG,690.54,709,693.09,706.04
20120914,GOOG,707.01,713,709.6,709.68
20120917,GOOG,705,712.88,708.11,709.98
20120918,GOOG,706.78,718.66,707.78,718.28
20120919,GOOG,716.41,728.56,717.5,727.5
20120920,GOOG,721.22,731.38,724.47,728.1166
20120921,GOOG,730.12,734.92,732.21,733.99
20120924,GOOG,730.25,750.04,731,749.38
20120925,GOOG,747.66,764.89,753.05,749.16
20120926,GOOG,741,761.24,749.85,753.46
20120927,GOOG,751.65,762.84,759.95,756.5
20120928,GOOG,751.15,759.3,754.15,754.5
20121001,GOOG,756.21,765,759.05,761.78
20121002,GOOG,750.27,765.99,765.2,756.99
20121003,GOOG,752.2,763.92,755.72,762.5
20121004,GOOG,759.4,769.89,762.75,768.05
20121005,GOOG,765.005,774.38,770.71,767.65
20121008,GOOG,754.15,763.58,761,757.84
20121009,GOOG,742.53,761.319,759.67,744.09
20121010,GOOG,738.29,747.528,741.86,744.56
20121011,GOOG,750.29,758.5,752.9,751.48
20121012,GOOG,744.1,754.87,751.85,744.75
20121015,GOOG,730.701,743.83,741.94,740.98
20121016,GOOG,736.4601,746.99,740.13,744.7
20121017,GOOG,740.26,756.34,743.95,755.49
20121018,GOOG,676,759.425,755.54,695
20121019,GOOG,672,706.7,705.58,681.79
20121022,GOOG,669.7,684.63,681.01,678.67
20121023,GOOG,672,687.33,672.01,680.35
20121024,GOOG,675.27,687,686.8,677.3022
20121025,GOOG,673.51,682,680,677.76
20121026,GOOG,671.2,683.03,676.5,675.15
20121031,GOOG,675,681,679.86,680.2976
20121101,GOOG,678.72,690.9,679.5,687.59
20121102,GOOG,687.37,695.55,694.79,687.918
20121105,GOOG,675.56,686.86,684.5,682.96
20121106,GOOG,677.55,686.5,685.48,681.72
20121107,GOOG,666.49,678.232,675,667.12
20121108,GOOG,651.23,671.49,670.2,652.29
20121109,GOOG,650.3,668.34,654.65,663.03
20121112,GOOG,660.87,669.8,663.75,665.9
20121113,GOOG,658.23,667.6,663,659.0532
20121114,GOOG,650.5,662.18,660.66,652.55
20121115,GOOG,643.896,660,650,647.26
20121116,GOOG,636,653.015,645.99,647.18
20121119,GOOG,655.53,668.92,655.7,668.21
20121120,GOOG,664.57,678,669.51,669.97
20121121,GOOG,660.4,669.8,668.99,665.87
20121123,GOOG,666.1,670,669.97,667.97
20121126,GOOG,659.02,667,666.44,661.15
20121127,GOOG,658,675,660.17,670.71
20121128,GOOG,663.89,684.91,668.01,683.67
20121129,GOOG,682,693.9,687.78,691.89
20121130,GOOG,685.69,699.22,691.31,698.37
20121203,GOOG,694.111,705.89,702.24,695.25
20121204,GOOG,685.7,695.51,695,691.03
20121205,GOOG,682.3301,694.5,692.15,687.82
20121206,GOOG,684.51,695.61,687.59,691.13
20121207,GOOG,682.419,696.88,695,684.21
20121210,GOOG,683.79,691.65,685.39,685.42
20121211,GOOG,687.72,701.92,690,696.88
20121212,GOOG,693.48,703.51,699.23,697.56
20121213,GOOG,699.55,716.475,715.92,702.7
20121214,GOOG,698.43,707.82,699.17,701.9632
20121217,GOOG,704.02,738.28,705.5,720.78
20121218,GOOG,715.05,729.1,716.6,721.07
20121219,GOOG,716.68,723,720.71,720.11
20121220,GOOG,716.9715,724.65,723.26,722.36
20121221,GOOG,710.52,718.819,713.97,715.63
20121224,GOOG,707.47,715.18,714.51,709.5
20121226,GOOG,702.41,712.88,708.07,708.87
20121227,GOOG,698.61,708.84,707.14,706.29
20121228,GOOG,700.01,706.91,701.69,700.01
20121231,GOOG,696,710.57,700,707.38
20130102,GOOG,716.55,727,719.42,723.25
20130103,GOOG,720.72,731.93,724.93,723.67
20130104,GOOG,727.6801,741.47,729.34,737.97
20130107,GOOG,730.58,739.38,735.45,734.75
20130108,GOOG,724.43,736.2999,735.54,733.3
20130109,GOOG,728.6,738.35,732.27,738.118
20130110,GOOG,733.5,745,742.83,741.48
20130111,GOOG,736.3,742.4264,742,739.99
20130114,GOOG,722.35,742.2,737,723.25
20130115,GOOG,712.1,735,719.33,724.93
20130116,GOOG,713.67,724.34,722.4,715.19
20130117,GOOG,711.02,719.639,717.71,711.32
20130118,GOOG,701.33,712.77,710.36,704.51
20130122,GOOG,695.52,705.335,704.66,702.87
20130123,GOOG,735.79,749,735.99,741.5
20130124,GOOG,740.509,756.8298,741.24,753.83
20130125,GOOG,750.25,758.48,750.77,753.67
20130128,GOOG,747.89,755.6,751.76,750.73
20130129,GOOG,746.54,756.95,746.75,753.68
20130130,GOOG,752.91,760.95,753.74,753.83
20130131,GOOG,750.25,757.62,750.51,755.69
20130201,GOOG,758.1,776.6,758.2,775.6
20130204,GOOG,758.27,770.474,767.69,759.02
20130205,GOOG,759.465,771.11,761.13,765.74
20130206,GOOG,758.5,772.96,759.07,770.17
20130207,GOOG,765.5,778.8099,769.7,773.95
20130208,GOOG,779.56,786.67,780.13,785.37
20130211,GOOG,773.75,783,778.4,782.42
20130212,GOOG,779.37,787.9,781.75,780.7
20130213,GOOG,779.97,785.35,780.13,782.86
20130214,GOOG,777.77,788.74,779.73,787.82
20130215,GOOG,787.07,793.26,787.4,792.89
20130219,GOOG,795.28,807,795.99,806.85
20130220,GOOG,791.794,808.97,805.3,792.46
20130221,GOOG,791.22,805.45,798,795.53
20130222,GOOG,793.8,801.25,799.26,799.71
20130225,GOOG,790.49,808.41,802.3,790.77
20130226,GOOG,784.4,795.9499,795,790.13
20130227,GOOG,791.11,804.75,794.8,799.78
20130228,GOOG,801.03,806.99,801.1,801.2
20130301,GOOG,796.15,807.14,797.8,806.19
20130304,GOOG,805,822.84,805.3,821.504
20130305,GOOG,828.9,840.1499,828.93,838.604
20130306,GOOG,828.81,844,841.025,831.38
20130307,GOOG,829.58,836.62,834.06,832.596
20130308,GOOG,825.05,834.9199,834.5,831.52
20130311,GOOG,831.5,839.7,831.69,834.82
20130312,GOOG,823.67,831.89,830.71,827.61
20130313,GOOG,822.31,830.69,827.9,825.31
20130314,GOOG,817.39,826.99,826.99,821.54
20130315,GOOG,813.34,820.3,818.5,814.302
20130318,GOOG,801.47,812.76,805,807.79
20130319,GOOG,806.45,819.25,811.24,811.32
20130320,GOOG,811.44,817.51,816.83,814.708
20130321,GOOG,809.85,816.9173,811.29,811.26
20130322,GOOG,809.64,815.24,814.74,810.31
20130325,GOOG,806.82,819.23,812.41,809.64
20130326,GOOG,807.79,813.9999,813.5,812.42
20130327,GOOG,801.33,807,806.68,802.66
20130328,GOOG,793.3,805.37,803.99,794.188
20130401,GOOG,793.25,802.25,795.01,801.19
20130402,GOOG,804,814.83,804.54,813.04
20130403,GOOG,800.668,814.2,813.46,806.202
20130404,GOOG,791.3,805.75,804.25,795.07
20130405,GOOG,776.4,786.99,786.06,783.05
20130408,GOOG,768.4,779.55,778.75,774.85
20130409,GOOG,773.11,783.75,775.5,777.65
20130410,GOOG,776,792.35,782.92,790.18
20130411,GOOG,784.06,793.1,792.88,790.39
20130412,GOOG,782.93,792.102,791.99,790.05
20130415,GOOG,777.02,797,785.95,781.93
20130416,GOOG,783.92,796,786.59,793.37
20130417,GOOG,778.1,790.845,786.75,782.56
20130418,GOOG,761.2601,785.8,785.35,765.914
20130419,GOOG,766.26,803.44,769.16,799.87
20130422,GOOG,775,803.958,800.6,800.114
20130423,GOOG,800.36,815.5,801,807.9
20130424,GOOG,808,818,808.11,813.454
20130425,GOOG,807.63,816.47,816.25,809.1
20130426,GOOG,796.58,807.74,807.6,801.42
20130429,GOOG,803,822.7,803.25,819.06
20130430,GOOG,817.68,827.64,819,824.57
20130501,GOOG,816.36,824.72,823.26,820.43
20130502,GOOG,819.05,834.55,820.1,829.61
20130503,GOOG,836,846.8,836.96,845.72
20130506,GOOG,848.26,861.85,848.26,861.55
20130507,GOOG,850.67,863.8699,863.01,857.23
20130508,GOOG,852.91,873.88,857,873.63
20130509,GOOG,868.23,879.66,870.84,871.48
20130510,GOOG,872.16,880.54,875.31,880.23
20130513,GOOG,873.381,882.4699,878.89,877.53
20130514,GOOG,877.14,888.69,877.5,887.1
20130515,GOOG,894.02,916.38,895.5001,915.89
20130516,GOOG,902.01,919.9799,919,903.87
20130517,GOOG,900.52,913.489,910.02,909.18
20130520,GOOG,905,920.6,905,908.53
20130521,GOOG,897.61,911.66,908.02,906.97
20130522,GOOG,886.88,909.31,902.56,889.42
20130523,GOOG,874,889.96,877,882.79
20130524,GOOG,871.01,878.82,875.26,873.32
20130528,GOOG,880.4,892.14,883.5,881.27
20130529,GOOG,864.29,877.99,875.71,868.31
20130530,GOOG,866.41,878.9,869.92,870.76
20130531,GOOG,867.52,877,868.12,871.218
20130603,GOOG,855.02,873.9699,873,867.63
20130604,GOOG,854.07,870.59,867.85,859.1
20130605,GOOG,857.13,869.45,862.51,859.7
20130606,GOOG,847.22,866.33,864.3,864.64
20130607,GOOG,865.32,880,870.42,879.73
20130610,GOOG,880.0901,891,882.1,890.22
20130611,GOOG,879.52,887,883.97,879.81
20130612,GOOG,869.65,886,885.46,871.98
20130613,GOOG,865.5,879.66,868.98,877
20130614,GOOG,874.13,884.7,880.1,875.04
20130617,GOOG,878.28,889.43,879.23,886.25
20130618,GOOG,888.35,901,888.65,900.62
20130619,GOOG,897.5,910.84,901.37,900.68
20130620,GOOG,883.31,901,893.99,884.74
20130621,GOOG,873.07,889.88,888.34,880.93
20130624,GOOG,863.25,876.32,871.88,869.79
20130625,GOOG,864.51,879.68,877.26,866.2
20130626,GOOG,870.5701,878,873.75,873.65
20130627,GOOG,876.65,884.69,878.8,877.07
20130628,GOOG,874.191,881.84,874.9,880.37
20130701,GOOG,885,892.08,886.45,887.88
20130702,GOOG,877.27,891,890.2,882.31
20130703,GOOG,878.5,889.17,879.9,886.43
20130705,GOOG,887.34,895.41,890.01,893.49
20130708,GOOG,897.084,906.27,899.21,905.09
20130709,GOOG,897.98,912.95,911,905.24
20130710,GOOG,900.38,911.135,903.45,905.99
20130711,GOOG,908.52,920.81,913,920.24
20130712,GOOG,915.24,923,920,923
20130715,GOOG,916.36,928,924.3,924.69
20130716,GOOG,913.9,927.97,927.13,919.608
20130717,GOOG,916.3,926.86,921,918.55
20130718,GOOG,903.19,920,918.99,910.68
20130719,GOOG,875.61,902.95,886.61,896.598
20130722,GOOG,897,912.67,902,910.7
20130723,GOOG,899.57,913,910.7,903.8
20130724,GOOG,900.7,910.3,907.26,902.9
20130725,GOOG,886.08,896.85,893.87,887.7
20130726,GOOG,882,889.99,886.99,885.35
20130729,GOOG,880.89,894.82,884.9,882.27
20130730,GOOG,880.87,895.61,885.46,890.92
20130731,GOOG,886.18,896.509,892.99,887.75
20130801,GOOG,895,904.55,895,904.22
20130802,GOOG,900.82,907,903.44,906.57
20130805,GOOG,899.2,905.525,905.39,905
20130806,GOOG,895.73,909.709,904.69,896.57
20130807,GOOG,889.09,898.45,895.04,890.65
20130808,GOOG,885.295,895.84,895.49,892.66
20130809,GOOG,890,895.52,890.56,890.41
20130812,GOOG,881.65,887,886.9,885.51
20130813,GOOG,876.2,888.5,886.83,881.25
20130814,GOOG,867.16,880.23,878.37,869.81
20130815,GOOG,858,864.92,864.44,859.66
20130816,GOOG,856.54,862.44,861.28,856.908
20130819,GOOG,857.45,872,857.71,865.65
20130820,GOOG,863.54,872.11,868.35,865.42
20130821,GOOG,866.5,876.909,870.65,869.33
20130822,GOOG,870.25,874.75,872.7,873.71
20130823,GOOG,869.75,878,877.83,870.21
20130826,GOOG,866.05,874.9,870,866.39
20130827,GOOG,847.9,863.73,859.62,850.15
20130828,GOOG,847.77,855.41,850.25,848.55
20130829,GOOG,848.59,860.38,849.07,855.43
20130830,GOOG,845.56,858.04,855.76,846.9
